arise_control_id,prEN 18229-2 Reference,rationale
G.AC-01,Art. 15 - Trustworthiness Evaluation,"ARISE control Top Management Commitment (GOVERN) maps to Art. 15 - Trustworthiness Evaluation of prEN 18229-2, which covers AI system accuracy and robustness including testing methods, numerical accuracy limits, performance benchmarks, and robustness evaluation against distribution shift and adversarial conditions. The control addresses: Demonstrate visible, sustained leadership commitment to the management system; provide resources, set direction, and enable continual improvement.. None of the 6 individual requirements contain explicit keyword matches to prEN 18229-2 terminology. The mapping is established at the control level based on overall subject matter and domain alignment. This represents a traceability gap at the requirement level -- consider adding explicit prEN 18229-2 language to one or more requirements to strengthen direct traceability."
G.AC-02,Art. 15 - Robustness Evaluation,"ARISE control Charters & Committees (GOVERN) maps to Art. 15 - Robustness Evaluation of prEN 18229-2, which covers AI system accuracy and robustness including testing methods, numerical accuracy limits, performance benchmarks, and robustness evaluation against distribution shift and adversarial conditions. The control addresses: Operate formal committees with independent oversight for security, privacy, resilience, and AI governance.. None of the 6 individual requirements contain explicit keyword matches to prEN 18229-2 terminology. The mapping is established at the control level based on overall subject matter and domain alignment. This represents a traceability gap at the requirement level -- consider adding explicit prEN 18229-2 language to one or more requirements to strengthen direct traceability."
G.AC-03,Art. 15 - Trustworthiness Evaluation,"ARISE control Executive Leadership & Board Oversight (GOVERN) maps to Art. 15 - Trustworthiness Evaluation of prEN 18229-2, which covers AI system accuracy and robustness including testing methods, numerical accuracy limits, performance benchmarks, and robustness evaluation against distribution shift and adversarial conditions. The control addresses: Provide strategic direction and independent oversight of the management system, risk posture, and compliance through the Board or governing body.. None of the 6 individual requirements contain explicit keyword matches to prEN 18229-2 terminology. The mapping is established at the control level based on overall subject matter and domain alignment. This represents a traceability gap at the requirement level -- consider adding explicit prEN 18229-2 language to one or more requirements to strengthen direct traceability."
G.GV.A-01,Art. 15 - Trustworthiness Evaluation,"ARISE control Accountability (GOVERN) maps to Art. 15 - Trustworthiness Evaluation of prEN 18229-2, which covers AI system accuracy and robustness including testing methods, numerical accuracy limits, performance benchmarks, and robustness evaluation against distribution shift and adversarial conditions. 1 of 4 requirements demonstrate direct keyword alignment to this standard: G.GV.A-01-req-04 (Executive Attestation: Require formal sign-off (attestation) from the Accountable Executive confirming that high-risk AI systems meet all safety/governance requirements before deployment.) -- matched terms: test. These requirements substantively address prEN 18229-2 obligations at the individual requirement level, confirming strong traceability."
G.GV.A-02,Art. 15 - Accuracy Limits & Benchmarks,"ARISE control Fairness (GOVERN) maps to Art. 15 - Accuracy Limits & Benchmarks of prEN 18229-2, which covers AI system accuracy and robustness including testing methods, numerical accuracy limits, performance benchmarks, and robustness evaluation against distribution shift and adversarial conditions. 3 of 4 requirements demonstrate direct keyword alignment to this standard: G.GV.A-02-req-01 (Define fairness metrics and thresholds.) -- matched terms: metric"
G.GV.A-03,Art. 15 - Trustworthiness Evaluation,"ARISE control Inclusivity (GOVERN) maps to Art. 15 - Trustworthiness Evaluation of prEN 18229-2, which covers AI system accuracy and robustness including testing methods, numerical accuracy limits, performance benchmarks, and robustness evaluation against distribution shift and adversarial conditions. 2 of 4 requirements demonstrate direct keyword alignment to this standard: G.GV.A-03-req-01 (Define inclusivity criteria for datasets and testing panels.) -- matched terms: test, testing"
G.GV.A-04,Art. 15 - Trustworthiness Evaluation,"ARISE control Cultural Considerations (GOVERN) maps to Art. 15 - Trustworthiness Evaluation of prEN 18229-2, which covers AI system accuracy and robustness including testing methods, numerical accuracy limits, performance benchmarks, and robustness evaluation against distribution shift and adversarial conditions. 1 of 3 requirements demonstrate direct keyword alignment to this standard: G.GV.A-04-req-03 (Local Subject Matter Expert (SME) Validation: Mandate that high-impact launches in new regions undergo review by local cultural/legal experts (not just translation agencies) to catch nuance and context failures.) -- matched terms: validation. These requirements substantively address prEN 18229-2 obligations at the individual requirement level, confirming strong traceability."
G.GV.A-05,Art. 15 - Accuracy Limits & Benchmarks,"ARISE control Tensions and Trade-offs (GOVERN) maps to Art. 15 - Accuracy Limits & Benchmarks of prEN 18229-2, which covers AI system accuracy and robustness including testing methods, numerical accuracy limits, performance benchmarks, and robustness evaluation against distribution shift and adversarial conditions. The control addresses: Document trade-offs between accuracy, privacy, interpretability, and fairness; justify risk acceptance with leadership approval and transparent communication.. None of the 4 individual requirements contain explicit keyword matches to prEN 18229-2 terminology. The mapping is established at the control level based on overall subject matter and domain alignment. This represents a traceability gap at the requirement level -- consider adding explicit prEN 18229-2 language to one or more requirements to strengthen direct traceability."
G.GV.A-06,Art. 15 - Trustworthiness Evaluation,"ARISE control Transparency (GOVERN) maps to Art. 15 - Trustworthiness Evaluation of prEN 18229-2, which covers AI system accuracy and robustness including testing methods, numerical accuracy limits, performance benchmarks, and robustness evaluation against distribution shift and adversarial conditions. The control addresses: Publish explainability statements and disclose AI use where applicable; ensure documentation supports regulator and customer inquiries.. None of the 4 individual requirements contain explicit keyword matches to prEN 18229-2 terminology. The mapping is established at the control level based on overall subject matter and domain alignment. This represents a traceability gap at the requirement level -- consider adding explicit prEN 18229-2 language to one or more requirements to strengthen direct traceability."
G.GV.C-01,Art. 15 - Trustworthiness Evaluation,"ARISE control COC: Acceptable Use (GOVERN) maps to Art. 15 - Trustworthiness Evaluation of prEN 18229-2, which covers AI system accuracy and robustness including testing methods, numerical accuracy limits, performance benchmarks, and robustness evaluation against distribution shift and adversarial conditions. The control addresses: Ensure personnel adhere to rules for appropriate use of systems, data, and AI technologies to prevent misuse and ethical breaches.. None of the 6 individual requirements contain explicit keyword matches to prEN 18229-2 terminology. The mapping is established at the control level based on overall subject matter and domain alignment. This represents a traceability gap at the requirement level -- consider adding explicit prEN 18229-2 language to one or more requirements to strengthen direct traceability."
G.GV.C-02,Art. 15 - Trustworthiness Evaluation,"ARISE control COC: Data Ethics (GOVERN) maps to Art. 15 - Trustworthiness Evaluation of prEN 18229-2, which covers AI system accuracy and robustness including testing methods, numerical accuracy limits, performance benchmarks, and robustness evaluation against distribution shift and adversarial conditions. The control addresses: Establish a culture of responsible data/AI use that upholds fairness, transparency, privacy, and accountability throughout data collection and model development.. None of the 6 individual requirements contain explicit keyword matches to prEN 18229-2 terminology. The mapping is established at the control level based on overall subject matter and domain alignment. This represents a traceability gap at the requirement level -- consider adding explicit prEN 18229-2 language to one or more requirements to strengthen direct traceability."
G.GV.C-03,Art. 15 - Trustworthiness Evaluation,"ARISE control COC: Ethical Principles for AI & Tech (GOVERN) maps to Art. 15 - Trustworthiness Evaluation of prEN 18229-2, which covers AI system accuracy and robustness including testing methods, numerical accuracy limits, performance benchmarks, and robustness evaluation against distribution shift and adversarial conditions. 2 of 7 requirements demonstrate direct keyword alignment to this standard: G.GV.C-03-req-04 (Fairness Assessments: Quantitative/qualitative bias testing pre-deployment.) -- matched terms: test, testing"
G.GV.P-01,Art. 15 - Robustness Evaluation,"ARISE control Core Policies (GOVERN) maps to Art. 15 - Robustness Evaluation of prEN 18229-2, which covers AI system accuracy and robustness including testing methods, numerical accuracy limits, performance benchmarks, and robustness evaluation against distribution shift and adversarial conditions. 1 of 8 requirements demonstrate direct keyword alignment to this standard: G.GV.P-01-req-08 (Effectiveness Metrics: Measure policy effectiveness beyond simple acknowledgement (e.g., quizzes, violation trends, or testing results).) -- matched terms: metric, test, testing. These requirements substantively address prEN 18229-2 obligations at the individual requirement level, confirming strong traceability."
G.GV.P-02,Art. 15 - Trustworthiness Evaluation,"ARISE control Security Policies (GOVERN) maps to Art. 15 - Trustworthiness Evaluation of prEN 18229-2, which covers AI system accuracy and robustness including testing methods, numerical accuracy limits, performance benchmarks, and robustness evaluation against distribution shift and adversarial conditions. 1 of 6 requirements demonstrate direct keyword alignment to this standard: G.GV.P-02-req-05 (Compliance Verification: Continuous monitoring and internal audit.) -- matched terms: verification. These requirements substantively address prEN 18229-2 obligations at the individual requirement level, confirming strong traceability."
G.GV.P-03,Art. 15 - Robustness Evaluation,"ARISE control Response & Resilience Policies (GOVERN) maps to Art. 15 - Robustness Evaluation of prEN 18229-2, which covers AI system accuracy and robustness including testing methods, numerical accuracy limits, performance benchmarks, and robustness evaluation against distribution shift and adversarial conditions. 1 of 7 requirements demonstrate direct keyword alignment to this standard: G.GV.P-03-req-05 (Testing & Exercises: Annual tabletop, failover, DR testing.) -- matched terms: test, testing. These requirements substantively address prEN 18229-2 obligations at the individual requirement level, confirming strong traceability."
G.GV.P-04,Art. 15 - Trustworthiness Evaluation,"ARISE control AI Policies (GOVERN) maps to Art. 15 - Trustworthiness Evaluation of prEN 18229-2, which covers AI system accuracy and robustness including testing methods, numerical accuracy limits, performance benchmarks, and robustness evaluation against distribution shift and adversarial conditions. 1 of 6 requirements demonstrate direct keyword alignment to this standard: G.GV.P-04-req-01 (Policy Components: Data governance, model development, transparency, human oversight, fairness, explainability, robustness, lifecycle monitoring.) -- matched terms: robustness. These requirements substantively address prEN 18229-2 obligations at the individual requirement level, confirming strong traceability."
G.GV.P-05,Art. 15 - Trustworthiness Evaluation,"ARISE control Privacy Policies (GOVERN) maps to Art. 15 - Trustworthiness Evaluation of prEN 18229-2, which covers AI system accuracy and robustness including testing methods, numerical accuracy limits, performance benchmarks, and robustness evaluation against distribution shift and adversarial conditions. 1 of 7 requirements demonstrate direct keyword alignment to this standard: G.GV.P-05-req-07 (Privacy Enhancing Technologies (PETs): Mandate the evaluation and application of technical privacy safeguards (e.g., Differential Privacy, Synthetic Data) for high-sensitivity processing.) -- matched terms: evaluat. These requirements substantively address prEN 18229-2 obligations at the individual requirement level, confirming strong traceability."
G.GV.P-06,Art. 15 - Trustworthiness Evaluation,"ARISE control Ethics Policies (GOVERN) maps to Art. 15 - Trustworthiness Evaluation of prEN 18229-2, which covers AI system accuracy and robustness including testing methods, numerical accuracy limits, performance benchmarks, and robustness evaluation against distribution shift and adversarial conditions. The control addresses: Promote integrity, fairness, transparency, and human-centric technology use through enforceable ethical standards.. None of the 6 individual requirements contain explicit keyword matches to prEN 18229-2 terminology. The mapping is established at the control level based on overall subject matter and domain alignment. This represents a traceability gap at the requirement level -- consider adding explicit prEN 18229-2 language to one or more requirements to strengthen direct traceability."
G.GV.P-07,Art. 15 - Trustworthiness Evaluation,"ARISE control HR Policies (GOVERN) maps to Art. 15 - Trustworthiness Evaluation of prEN 18229-2, which covers AI system accuracy and robustness including testing methods, numerical accuracy limits, performance benchmarks, and robustness evaluation against distribution shift and adversarial conditions. 1 of 6 requirements demonstrate direct keyword alignment to this standard: G.GV.P-07-req-05 (Performance & Disciplinary: Link compliance to evaluations; define actions.) -- matched terms: evaluat. These requirements substantively address prEN 18229-2 obligations at the individual requirement level, confirming strong traceability."
G.GV.P-08,Art. 15 - Trustworthiness Evaluation,"ARISE control Supply-Chain Policies (GOVERN) maps to Art. 15 - Trustworthiness Evaluation of prEN 18229-2, which covers AI system accuracy and robustness including testing methods, numerical accuracy limits, performance benchmarks, and robustness evaluation against distribution shift and adversarial conditions. The control addresses: Ensure suppliers and partners meet organizational security, privacy, and ethical standards throughout the contract lifecycle.. None of the 6 individual requirements contain explicit keyword matches to prEN 18229-2 terminology. The mapping is established at the control level based on overall subject matter and domain alignment. This represents a traceability gap at the requirement level -- consider adding explicit prEN 18229-2 language to one or more requirements to strengthen direct traceability."
G.GV.P-09,Art. 15 - Trustworthiness Evaluation,"ARISE control Data-Governance Policies (GOVERN) maps to Art. 15 - Trustworthiness Evaluation of prEN 18229-2, which covers AI system accuracy and robustness including testing methods, numerical accuracy limits, performance benchmarks, and robustness evaluation against distribution shift and adversarial conditions. 1 of 7 requirements demonstrate direct keyword alignment to this standard: G.GV.P-09-req-06 (Quality: Define accuracy/validation requirements.) -- matched terms: accuracy, validation. These requirements substantively address prEN 18229-2 obligations at the individual requirement level, confirming strong traceability."
G.GV.S-01,Art. 15 - Trustworthiness Evaluation,"ARISE control Core Standards (GOVERN) maps to Art. 15 - Trustworthiness Evaluation of prEN 18229-2, which covers AI system accuracy and robustness including testing methods, numerical accuracy limits, performance benchmarks, and robustness evaluation against distribution shift and adversarial conditions. 2 of 9 requirements demonstrate direct keyword alignment to this standard: G.GV.S-01-req-01 (Standard Development: Documented Standards with purpose/scope/expectations/references/testing/owners.) -- matched terms: test, testing"
G.GV.S-02,Art. 15 - Trustworthiness Evaluation,"ARISE control Security Standards (GOVERN) maps to Art. 15 - Trustworthiness Evaluation of prEN 18229-2, which covers AI system accuracy and robustness including testing methods, numerical accuracy limits, performance benchmarks, and robustness evaluation against distribution shift and adversarial conditions. 1 of 10 requirements demonstrate direct keyword alignment to this standard: G.GV.S-02-req-09 (Verification/Enforcement: Automated scanning, audits, pen testing.) -- matched terms: test, testing, verification. These requirements substantively address prEN 18229-2 obligations at the individual requirement level, confirming strong traceability."
G.GV.S-03,Art. 15 - Robustness Evaluation,"ARISE control Response & Resilience Standards (GOVERN) maps to Art. 15 - Robustness Evaluation of prEN 18229-2, which covers AI system accuracy and robustness including testing methods, numerical accuracy limits, performance benchmarks, and robustness evaluation against distribution shift and adversarial conditions. 1 of 7 requirements demonstrate direct keyword alignment to this standard: G.GV.S-03-req-5 (Testing & Exercises: Semi-annual simulations; annual full BCDR tests.) -- matched terms: test, testing. These requirements substantively address prEN 18229-2 obligations at the individual requirement level, confirming strong traceability."
G.GV.S-04,Art. 15 - Testing Methods,"ARISE control AI Standards (GOVERN) maps to Art. 15 - Testing Methods of prEN 18229-2, which covers AI system accuracy and robustness including testing methods, numerical accuracy limits, performance benchmarks, and robustness evaluation against distribution shift and adversarial conditions. 6 of 9 requirements demonstrate direct keyword alignment to this standard: G.GV.S-04-req-01 (Documentation Standards: Standardized model cards (metadata, purpose, I/O, provenance, metrics, risk classification).) -- matched terms: metric"
G.LR-01,Art. 15 - Trustworthiness Evaluation,"ARISE control Data Privacy Compliance (GOVERN) maps to Art. 15 - Trustworthiness Evaluation of prEN 18229-2, which covers AI system accuracy and robustness including testing methods, numerical accuracy limits, performance benchmarks, and robustness evaluation against distribution shift and adversarial conditions. The control addresses: Comply with applicable data-protection/privacy laws with demonstrable accountability and oversight.. None of the 9 individual requirements contain explicit keyword matches to prEN 18229-2 terminology. The mapping is established at the control level based on overall subject matter and domain alignment. This represents a traceability gap at the requirement level -- consider adding explicit prEN 18229-2 language to one or more requirements to strengthen direct traceability."
G.LR-02,Art. 15 - Trustworthiness Evaluation,"ARISE control Intellectual Property (IP) Management (GOVERN) maps to Art. 15 - Trustworthiness Evaluation of prEN 18229-2, which covers AI system accuracy and robustness including testing methods, numerical accuracy limits, performance benchmarks, and robustness evaluation against distribution shift and adversarial conditions. The control addresses: Protect IP assets—including proprietary data, algorithms, code, documentation, and AI models—while respecting third-party rights.. None of the 9 individual requirements contain explicit keyword matches to prEN 18229-2 terminology. The mapping is established at the control level based on overall subject matter and domain alignment. This represents a traceability gap at the requirement level -- consider adding explicit prEN 18229-2 language to one or more requirements to strengthen direct traceability."
G.LR-03,Art. 15 - Trustworthiness Evaluation,"ARISE control AI Regulatory Compliance (GOVERN) maps to Art. 15 - Trustworthiness Evaluation of prEN 18229-2, which covers AI system accuracy and robustness including testing methods, numerical accuracy limits, performance benchmarks, and robustness evaluation against distribution shift and adversarial conditions. 1 of 8 requirements demonstrate direct keyword alignment to this standard: G.LR-03-req-05 (Technical Documentation: Model cards, data sheets, test results.) -- matched terms: test. These requirements substantively address prEN 18229-2 obligations at the individual requirement level, confirming strong traceability."
G.LR-04,Art. 15 - Trustworthiness Evaluation,"ARISE control Cybersecurity Regulatory Compliance (GOVERN) maps to Art. 15 - Trustworthiness Evaluation of prEN 18229-2, which covers AI system accuracy and robustness including testing methods, numerical accuracy limits, performance benchmarks, and robustness evaluation against distribution shift and adversarial conditions. 1 of 7 requirements demonstrate direct keyword alignment to this standard: G.LR-04-req-04 (Evidence Retention: Maintain logs, audit trails, pen-test reports.) -- matched terms: test. These requirements substantively address prEN 18229-2 obligations at the individual requirement level, confirming strong traceability."
G.LR-05,Art. 15 - Trustworthiness Evaluation,"ARISE control Ethical Use, Fairness & Bias Compliance (GOVERN) maps to Art. 15 - Trustworthiness Evaluation of prEN 18229-2, which covers AI system accuracy and robustness including testing methods, numerical accuracy limits, performance benchmarks, and robustness evaluation against distribution shift and adversarial conditions. 3 of 8 requirements demonstrate direct keyword alignment to this standard: G.LR-05-req-03 (Bias Assessment: Pre-deployment testing with demographic/contextual metrics.) -- matched terms: metric, test, testing"
G.OV,Art. 15 - Trustworthiness Evaluation,"ARISE control Org Values & Governance (GOVERN) maps to Art. 15 - Trustworthiness Evaluation of prEN 18229-2, which covers AI system accuracy and robustness including testing methods, numerical accuracy limits, performance benchmarks, and robustness evaluation against distribution shift and adversarial conditions. 2 of 7 requirements demonstrate direct keyword alignment to this standard: G.OV-req-06 (Oversight & Accountability: Ethics/AI Governance Committee oversight; metrics and exception reports; periodic independent review.) -- matched terms: metric"
G.PR-01,Art. 15 - Trustworthiness Evaluation,"ARISE control Privacy Program (GOVERN) maps to Art. 15 - Trustworthiness Evaluation of prEN 18229-2, which covers AI system accuracy and robustness including testing methods, numerical accuracy limits, performance benchmarks, and robustness evaluation against distribution shift and adversarial conditions. 1 of 11 requirements demonstrate direct keyword alignment to this standard: G.PR-01-req-02 (Privacy Framework: Principles (lawfulness, fairness, transparency, purpose limitation, minimization, accuracy, storage limitation, integrity/confidentiality, accountability).) -- matched terms: accuracy. These requirements substantively address prEN 18229-2 obligations at the individual requirement level, confirming strong traceability."
G.RM-01,Art. 15 - Trustworthiness Evaluation,"ARISE control Risk Management Framework (GOVERN) maps to Art. 15 - Trustworthiness Evaluation of prEN 18229-2, which covers AI system accuracy and robustness including testing methods, numerical accuracy limits, performance benchmarks, and robustness evaluation against distribution shift and adversarial conditions. 1 of 10 requirements demonstrate direct keyword alignment to this standard: G.RM-01-req-05 (Assessment Process: Identification, analysis, evaluation, treatment; quantitative for high-impact.) -- matched terms: evaluat. These requirements substantively address prEN 18229-2 obligations at the individual requirement level, confirming strong traceability."
G.RM-02,Art. 15 - Trustworthiness Evaluation,"ARISE control Risk Appetite and Tolerance (GOVERN) maps to Art. 15 - Trustworthiness Evaluation of prEN 18229-2, which covers AI system accuracy and robustness including testing methods, numerical accuracy limits, performance benchmarks, and robustness evaluation against distribution shift and adversarial conditions. 2 of 7 requirements demonstrate direct keyword alignment to this standard: G.RM-02-req-02 (Tolerance Metrics: Quantitative limits (loss thresholds, AI bias deviation).) -- matched terms: metric"
G.RM-03,Art. 15 - Trustworthiness Evaluation,"ARISE control Risk Management Program: AI (GOVERN) maps to Art. 15 - Trustworthiness Evaluation of prEN 18229-2, which covers AI system accuracy and robustness including testing methods, numerical accuracy limits, performance benchmarks, and robustness evaluation against distribution shift and adversarial conditions. 5 of 10 requirements demonstrate direct keyword alignment to this standard: G.RM-03-req-02 (AI Risk Register with tier, mitigations, owner, validation outcomes.) -- matched terms: validation"
G.RM-04,Art. 15 - Trustworthiness Evaluation,"ARISE control Risk-Management Program: Cybersecurity (GOVERN) maps to Art. 15 - Trustworthiness Evaluation of prEN 18229-2, which covers AI system accuracy and robustness including testing methods, numerical accuracy limits, performance benchmarks, and robustness evaluation against distribution shift and adversarial conditions. 3 of 10 requirements demonstrate direct keyword alignment to this standard: G.RM-04-req-01 (Vulnerability Management: Automated scanning + manual testing with SLAs.) -- matched terms: test, testing"
G.RM-05,Art. 15 - Trustworthiness Evaluation,"ARISE control Risk-Management Program: Third-Party (GOVERN) maps to Art. 15 - Trustworthiness Evaluation of prEN 18229-2, which covers AI system accuracy and robustness including testing methods, numerical accuracy limits, performance benchmarks, and robustness evaluation against distribution shift and adversarial conditions. 2 of 9 requirements demonstrate direct keyword alignment to this standard: G.RM-05-req-02 (Due Diligence: Questionnaires, attestations (SOC 2, ISO 27001/42001), independent assessments.) -- matched terms: test"
G.ST.B,Art. 15 - Testing Methods,"ARISE control System Boundaries (GOVERN) maps to Art. 15 - Testing Methods of prEN 18229-2, which covers AI system accuracy and robustness including testing methods, numerical accuracy limits, performance benchmarks, and robustness evaluation against distribution shift and adversarial conditions. 1 of 6 requirements demonstrate direct keyword alignment to this standard: G.ST.B-req-5 (Change Control: Update boundary artifacts during change approvals; verify via audits/pen tests.) -- matched terms: test. These requirements substantively address prEN 18229-2 obligations at the individual requirement level, confirming strong traceability."
G.ST.O-01,Art. 15 - Robustness Evaluation,"ARISE control Mission Statement (GOVERN) maps to Art. 15 - Robustness Evaluation of prEN 18229-2, which covers AI system accuracy and robustness including testing methods, numerical accuracy limits, performance benchmarks, and robustness evaluation against distribution shift and adversarial conditions. The control addresses: Define and communicate the organization’s purpose and mission so that all security, privacy, resilience, and AI governance activities are clearly aligned to the value the organization delivers and the risks it accepts.. None of the 7 individual requirements contain explicit keyword matches to prEN 18229-2 terminology. The mapping is established at the control level based on overall subject matter and domain alignment. This represents a traceability gap at the requirement level -- consider adding explicit prEN 18229-2 language to one or more requirements to strengthen direct traceability."
G.ST.O-02,Art. 15 - Testing Methods,"ARISE control Goals & Context (GOVERN) maps to Art. 15 - Testing Methods of prEN 18229-2, which covers AI system accuracy and robustness including testing methods, numerical accuracy limits, performance benchmarks, and robustness evaluation against distribution shift and adversarial conditions. The control addresses: Translate mission into concrete governance goals by evaluating internal/external context, stakeholder expectations, and constraints; ensure objectives are measurable and risk-informed.. None of the 6 individual requirements contain explicit keyword matches to prEN 18229-2 terminology. The mapping is established at the control level based on overall subject matter and domain alignment. This represents a traceability gap at the requirement level -- consider adding explicit prEN 18229-2 language to one or more requirements to strengthen direct traceability."
G.ST.S-01,Art. 15 - Trustworthiness Evaluation,"ARISE control AI Scope (GOVERN) maps to Art. 15 - Trustworthiness Evaluation of prEN 18229-2, which covers AI system accuracy and robustness including testing methods, numerical accuracy limits, performance benchmarks, and robustness evaluation against distribution shift and adversarial conditions. 1 of 6 requirements demonstrate direct keyword alignment to this standard: G.ST.S-01-req-3 (Lifecycle Coverage: Declare governed lifecycle stages (data, training, evaluation, deployment, monitoring, retirement).) -- matched terms: evaluat. These requirements substantively address prEN 18229-2 obligations at the individual requirement level, confirming strong traceability."
G.ST.S-02,Art. 15 - Trustworthiness Evaluation,"ARISE control Security Scope (GOVERN) maps to Art. 15 - Trustworthiness Evaluation of prEN 18229-2, which covers AI system accuracy and robustness including testing methods, numerical accuracy limits, performance benchmarks, and robustness evaluation against distribution shift and adversarial conditions. 1 of 6 requirements demonstrate direct keyword alignment to this standard: G.ST.S-02-req-03 (Environment Separation: Document protection differences across dev/test/prod.) -- matched terms: test. These requirements substantively address prEN 18229-2 obligations at the individual requirement level, confirming strong traceability."
G.ST.S-03,Art. 15 - Trustworthiness Evaluation,"ARISE control Regulatory Scope (GOVERN) maps to Art. 15 - Trustworthiness Evaluation of prEN 18229-2, which covers AI system accuracy and robustness including testing methods, numerical accuracy limits, performance benchmarks, and robustness evaluation against distribution shift and adversarial conditions. 1 of 5 requirements demonstrate direct keyword alignment to this standard: G.ST.S-03-req-5 (Assurance: Periodically test controls against obligations.) -- matched terms: test. These requirements substantively address prEN 18229-2 obligations at the individual requirement level, confirming strong traceability."
M.CM,Art. 15 - Trustworthiness Evaluation,"ARISE control Change Management (MANAGE) maps to Art. 15 - Trustworthiness Evaluation of prEN 18229-2, which covers AI system accuracy and robustness including testing methods, numerical accuracy limits, performance benchmarks, and robustness evaluation against distribution shift and adversarial conditions. 3 of 8 requirements demonstrate direct keyword alignment to this standard: M.CM-req-02 (Testing & Validation: Mandate pre-deployment testing, rollback, and reproducibility verification.) -- matched terms: test, testing, validation, verification"
M.DV-01,Art. 15 - Testing Methods,"ARISE control AI System Lifecycle (MANAGE) maps to Art. 15 - Testing Methods of prEN 18229-2, which covers AI system accuracy and robustness including testing methods, numerical accuracy limits, performance benchmarks, and robustness evaluation against distribution shift and adversarial conditions. 5 of 8 requirements demonstrate direct keyword alignment to this standard: M.DV-01-req-02 (Intake Forms & Risk Evaluation: Mandate intake forms with ethical-risk evaluation.) -- matched terms: evaluat"
M.DV-02,Art. 15 - Trustworthiness Evaluation,"ARISE control Software Development Lifecycle (SDLC) (MANAGE) maps to Art. 15 - Trustworthiness Evaluation of prEN 18229-2, which covers AI system accuracy and robustness including testing methods, numerical accuracy limits, performance benchmarks, and robustness evaluation against distribution shift and adversarial conditions. 1 of 7 requirements demonstrate direct keyword alignment to this standard: M.DV-02-req-04 (Require threat modeling and security testing (SAST, DAST, IAST).) -- matched terms: test, testing. These requirements substantively address prEN 18229-2 obligations at the individual requirement level, confirming strong traceability."
M.HR,Art. 15 - Trustworthiness Evaluation,"ARISE control Human Resources (MANAGE) maps to Art. 15 - Trustworthiness Evaluation of prEN 18229-2, which covers AI system accuracy and robustness including testing methods, numerical accuracy limits, performance benchmarks, and robustness evaluation against distribution shift and adversarial conditions. The control addresses: Ensure personnel practices uphold confidentiality, integrity, and responsible-technology culture.. None of the 7 individual requirements contain explicit keyword matches to prEN 18229-2 terminology. The mapping is established at the control level based on overall subject matter and domain alignment. This represents a traceability gap at the requirement level -- consider adding explicit prEN 18229-2 language to one or more requirements to strengthen direct traceability."
M.OV-01,Art. 15 - Trustworthiness Evaluation,"ARISE control Ethics Oversight Committee (MANAGE) maps to Art. 15 - Trustworthiness Evaluation of prEN 18229-2, which covers AI system accuracy and robustness including testing methods, numerical accuracy limits, performance benchmarks, and robustness evaluation against distribution shift and adversarial conditions. 2 of 7 requirements demonstrate direct keyword alignment to this standard: M.OV-01-req-04 (Ethical Review Process: Evaluate bias, fairness, cultural impact, explainability, and proportionality.) -- matched terms: evaluat"
M.OV-02,Art. 15 - Trustworthiness Evaluation,"ARISE control Privacy Oversight Committee (MANAGE) maps to Art. 15 - Trustworthiness Evaluation of prEN 18229-2, which covers AI system accuracy and robustness including testing methods, numerical accuracy limits, performance benchmarks, and robustness evaluation against distribution shift and adversarial conditions. 2 of 7 requirements demonstrate direct keyword alignment to this standard: M.OV-02-req-03 (Data Minimization Verification: Validate that designs meet data-minimization principles.) -- matched terms: verification"
M.OV-03,Art. 15 - Robustness Evaluation,"ARISE control Security Oversight Committee (MANAGE) maps to Art. 15 - Robustness Evaluation of prEN 18229-2, which covers AI system accuracy and robustness including testing methods, numerical accuracy limits, performance benchmarks, and robustness evaluation against distribution shift and adversarial conditions. 4 of 7 requirements demonstrate direct keyword alignment to this standard: M.OV-03-req-02 (Review of KRIs/KPIs: Evaluate risk, vulnerability trends, patch metrics, and incident data.) -- matched terms: evaluat, metric"
M.PM,Art. 15 - Accuracy Limits & Benchmarks,"ARISE control Performance Metrics (MANAGE) maps to Art. 15 - Accuracy Limits & Benchmarks of prEN 18229-2, which covers AI system accuracy and robustness including testing methods, numerical accuracy limits, performance benchmarks, and robustness evaluation against distribution shift and adversarial conditions. 5 of 8 requirements demonstrate direct keyword alignment to this standard: M.PM-req-01 (KPI Framework — Define standardized KPIs and KRIs aligned with strategic goals and risk appetite (e.g., MTTD, patch compliance, AI model drift rate, bias index, data-loss incidents, control-audit pass rates).) -- matched terms: drift"
M.PR,Art. 15 - Trustworthiness Evaluation,"ARISE control Privacy Program (MANAGE) maps to Art. 15 - Trustworthiness Evaluation of prEN 18229-2, which covers AI system accuracy and robustness including testing methods, numerical accuracy limits, performance benchmarks, and robustness evaluation against distribution shift and adversarial conditions. The control addresses: Operationalize day-to-day privacy management integrated with cybersecurity and AI governance.. None of the 8 individual requirements contain explicit keyword matches to prEN 18229-2 terminology. The mapping is established at the control level based on overall subject matter and domain alignment. This represents a traceability gap at the requirement level -- consider adding explicit prEN 18229-2 language to one or more requirements to strengthen direct traceability."
M.RM-01,Art. 15 - Trustworthiness Evaluation,"ARISE control Third-Party Risk Management (MANAGE) maps to Art. 15 - Trustworthiness Evaluation of prEN 18229-2, which covers AI system accuracy and robustness including testing methods, numerical accuracy limits, performance benchmarks, and robustness evaluation against distribution shift and adversarial conditions. 1 of 9 requirements demonstrate direct keyword alignment to this standard: M.RM-01-req-06 (Remediation Management — Track vendor findings and verification evidence.) -- matched terms: verification. These requirements substantively address prEN 18229-2 obligations at the individual requirement level, confirming strong traceability."
M.RM-02,Art. 15 - Testing Methods,"ARISE control AI Risk Management (MANAGE) maps to Art. 15 - Testing Methods of prEN 18229-2, which covers AI system accuracy and robustness including testing methods, numerical accuracy limits, performance benchmarks, and robustness evaluation against distribution shift and adversarial conditions. 4 of 9 requirements demonstrate direct keyword alignment to this standard: M.RM-02-req-05 (TEVV Alignment — Integrate testing, evaluation, verification, and validation into risk calculations.) -- matched terms: evaluat, test, testing, tevv, validation, verification"
M.RM-03,Art. 15 - Testing Methods,"ARISE control Cybersecurity Risk Management (MANAGE) maps to Art. 15 - Testing Methods of prEN 18229-2, which covers AI system accuracy and robustness including testing methods, numerical accuracy limits, performance benchmarks, and robustness evaluation against distribution shift and adversarial conditions. 5 of 9 requirements demonstrate direct keyword alignment to this standard: M.RM-03-req-01 (Vulnerability Identification: Use automated scanning (SAST/DAST/SCA/IaC), penetration testing, and red-team exercises.) -- matched terms: test, testing"
M.RP,Art. 15 - Trustworthiness Evaluation,"ARISE control Reporting (MANAGE) maps to Art. 15 - Trustworthiness Evaluation of prEN 18229-2, which covers AI system accuracy and robustness including testing methods, numerical accuracy limits, performance benchmarks, and robustness evaluation against distribution shift and adversarial conditions. 2 of 8 requirements demonstrate direct keyword alignment to this standard: M.RP-req-02 (Content Requirements: Include risk posture, incidents, performance metrics, TEVV results, and trend analysis.) -- matched terms: metric, tevv"
I.AM-01,Art. 15 - Trustworthiness Evaluation,"ARISE control AI System Inventory (IDENTIFY) maps to Art. 15 - Trustworthiness Evaluation of prEN 18229-2, which covers AI system accuracy and robustness including testing methods, numerical accuracy limits, performance benchmarks, and robustness evaluation against distribution shift and adversarial conditions. 3 of 10 requirements demonstrate direct keyword alignment to this standard: I.AM-01-req-03 (Minimum Metadata: Capture system name/ID, purpose/intended use, prohibited use, risk tier, business criticality, owners, data categories/rights/license, training/inference data sources, model family, versions, hyperparameters, lineage, fine-tune history, evaluation metrics, deployment targets, endpoints, dependencies (libraries/models/APIs), and support/SLA.) -- matched terms: evaluat, metric"
I.AM-02,Art. 15 - Robustness Evaluation,"ARISE control System Asset Management (IDENTIFY) maps to Art. 15 - Robustness Evaluation of prEN 18229-2, which covers AI system accuracy and robustness including testing methods, numerical accuracy limits, performance benchmarks, and robustness evaluation against distribution shift and adversarial conditions. 1 of 9 requirements demonstrate direct keyword alignment to this standard: I.AM-02-req-09 (External Attack Surface Management (EASM): Implement continuous outside-in scanning to identify internet-facing assets (domains, certificates, open ports) that are not present in the internal inventory (Shadow IT discovery).) -- matched terms: attack. These requirements substantively address prEN 18229-2 obligations at the individual requirement level, confirming strong traceability."
I.AM-03,Art. 15 - Trustworthiness Evaluation,"ARISE control BYOD Asset Management (IDENTIFY) maps to Art. 15 - Trustworthiness Evaluation of prEN 18229-2, which covers AI system accuracy and robustness including testing methods, numerical accuracy limits, performance benchmarks, and robustness evaluation against distribution shift and adversarial conditions. 1 of 7 requirements demonstrate direct keyword alignment to this standard: I.AM-03-req-07 (Privacy-Preserving Mobile Threat Defense (MTD): Deploy advanced threat detection agents that identify network attacks (e.g., Man-in-the-Middle) and malicious applications on the device without inspecting personal content (e.g., photos, messages).) -- matched terms: attack. These requirements substantively address prEN 18229-2 obligations at the individual requirement level, confirming strong traceability."
I.DG-01,Art. 15 - Trustworthiness Evaluation,"ARISE control Data Mapping (IDENTIFY) maps to Art. 15 - Trustworthiness Evaluation of prEN 18229-2, which covers AI system accuracy and robustness including testing methods, numerical accuracy limits, performance benchmarks, and robustness evaluation against distribution shift and adversarial conditions. 1 of 7 requirements demonstrate direct keyword alignment to this standard: I.DG-01-req-04 (AI-Specific Fields: Track dataset curation, labeling guidance, filtering/redaction, and test-split documentation.) -- matched terms: test. These requirements substantively address prEN 18229-2 obligations at the individual requirement level, confirming strong traceability."
I.IM-01,Art. 15 - Trustworthiness Evaluation,"ARISE control AI Impacts (IDENTIFY) maps to Art. 15 - Trustworthiness Evaluation of prEN 18229-2, which covers AI system accuracy and robustness including testing methods, numerical accuracy limits, performance benchmarks, and robustness evaluation against distribution shift and adversarial conditions. 3 of 7 requirements demonstrate direct keyword alignment to this standard: I.IM-01-req-01 (Impact Assessment: Evaluate rights, discrimination, safety, economic, environmental, trust impacts.) -- matched terms: evaluat"
I.RM-01,Art. 15 - Trustworthiness Evaluation,"ARISE control Risk Identification (IDENTIFY) maps to Art. 15 - Trustworthiness Evaluation of prEN 18229-2, which covers AI system accuracy and robustness including testing methods, numerical accuracy limits, performance benchmarks, and robustness evaluation against distribution shift and adversarial conditions. 2 of 5 requirements demonstrate direct keyword alignment to this standard: I.RM-01-req-03 (Systematic Intake: Collect risks from threat modeling, red-team, vuln scans, BIAs, DPIAs, supplier reviews, TEVV.) -- matched terms: tevv"
I.RM-02,Art. 15 - Trustworthiness Evaluation,"ARISE control Insider Threat (IDENTIFY) maps to Art. 15 - Trustworthiness Evaluation of prEN 18229-2, which covers AI system accuracy and robustness including testing methods, numerical accuracy limits, performance benchmarks, and robustness evaluation against distribution shift and adversarial conditions. The control addresses: Proactively identify, monitor, and mitigate risks posed by insiders—employees, contractors, or third parties—who may intentionally or unintentionally compromise organizational assets, data, or AI systems.. None of the 7 individual requirements contain explicit keyword matches to prEN 18229-2 terminology. The mapping is established at the control level based on overall subject matter and domain alignment. This represents a traceability gap at the requirement level -- consider adding explicit prEN 18229-2 language to one or more requirements to strengthen direct traceability."
I.SC-01,Art. 15 - Trustworthiness Evaluation,"ARISE control Supply Chain Risk (IDENTIFY) maps to Art. 15 - Trustworthiness Evaluation of prEN 18229-2, which covers AI system accuracy and robustness including testing methods, numerical accuracy limits, performance benchmarks, and robustness evaluation against distribution shift and adversarial conditions. The control addresses: Identify and manage risks from suppliers of software, models, datasets, and cloud services.. None of the 7 individual requirements contain explicit keyword matches to prEN 18229-2 terminology. The mapping is established at the control level based on overall subject matter and domain alignment. This represents a traceability gap at the requirement level -- consider adding explicit prEN 18229-2 language to one or more requirements to strengthen direct traceability."
I.TH-01,Art. 15 - Trustworthiness Evaluation,"ARISE control Security Thresholds (IDENTIFY) maps to Art. 15 - Trustworthiness Evaluation of prEN 18229-2, which covers AI system accuracy and robustness including testing methods, numerical accuracy limits, performance benchmarks, and robustness evaluation against distribution shift and adversarial conditions. The control addresses: Define alarm thresholds and decision criteria for security events to ensure timely, consistent response.. None of the 6 individual requirements contain explicit keyword matches to prEN 18229-2 terminology. The mapping is established at the control level based on overall subject matter and domain alignment. This represents a traceability gap at the requirement level -- consider adding explicit prEN 18229-2 language to one or more requirements to strengthen direct traceability."
I.TH-02,Art. 15 - Robustness Evaluation,"ARISE control AI Operational Thresholds (IDENTIFY) maps to Art. 15 - Robustness Evaluation of prEN 18229-2, which covers AI system accuracy and robustness including testing methods, numerical accuracy limits, performance benchmarks, and robustness evaluation against distribution shift and adversarial conditions. 2 of 6 requirements demonstrate direct keyword alignment to this standard: I.TH-02-req-02 (Monitoring: Track metrics continuously and alert on breaches.) -- matched terms: metric"
I.TM-01,Art. 15 - Trustworthiness Evaluation,"ARISE control Threat Management (IDENTIFY) maps to Art. 15 - Trustworthiness Evaluation of prEN 18229-2, which covers AI system accuracy and robustness including testing methods, numerical accuracy limits, performance benchmarks, and robustness evaluation against distribution shift and adversarial conditions. The control addresses: Continuously identify, assess, and track threats to information systems and AI assets to inform defenses and investment.. None of the 9 individual requirements contain explicit keyword matches to prEN 18229-2 terminology. The mapping is established at the control level based on overall subject matter and domain alignment. This represents a traceability gap at the requirement level -- consider adding explicit prEN 18229-2 language to one or more requirements to strengthen direct traceability."
P.AC.M-01,Art. 15 - Trustworthiness Evaluation,"ARISE control Bias (PROTECT) maps to Art. 15 - Trustworthiness Evaluation of prEN 18229-2, which covers AI system accuracy and robustness including testing methods, numerical accuracy limits, performance benchmarks, and robustness evaluation against distribution shift and adversarial conditions. 3 of 7 requirements demonstrate direct keyword alignment to this standard: P.AC.M-01-req-01 (Documentation: Model cards with fairness assumptions, metrics, mitigations, limitations; re-evaluate on data/model changes.) -- matched terms: evaluat, metric"
P.AC.M-02,Art. 15 - Robustness Evaluation,"ARISE control Robustness (PROTECT) maps to Art. 15 - Robustness Evaluation of prEN 18229-2, which covers AI system accuracy and robustness including testing methods, numerical accuracy limits, performance benchmarks, and robustness evaluation against distribution shift and adversarial conditions. 5 of 6 requirements demonstrate direct keyword alignment to this standard: P.AC.M-02-req-02 (Stress & Corruption Tests: Evaluate under noise, occlusion, domain shift; benchmark against robustness suites.) -- matched terms: benchmark, evaluat, robustness, test"
P.AC.M-03,Art. 15 - Trustworthiness Evaluation,"ARISE control Explainability (PROTECT) maps to Art. 15 - Trustworthiness Evaluation of prEN 18229-2, which covers AI system accuracy and robustness including testing methods, numerical accuracy limits, performance benchmarks, and robustness evaluation against distribution shift and adversarial conditions. The control addresses: Provide audience-appropriate transparency and interpretability; disclose limits to support responsible use and governance.. None of the 6 individual requirements contain explicit keyword matches to prEN 18229-2 terminology. The mapping is established at the control level based on overall subject matter and domain alignment. This represents a traceability gap at the requirement level -- consider adding explicit prEN 18229-2 language to one or more requirements to strengthen direct traceability."
P.AC.S-01,Art. 15 - Trustworthiness Evaluation,"ARISE control Datasets & Tagging (PROTECT) maps to Art. 15 - Trustworthiness Evaluation of prEN 18229-2, which covers AI system accuracy and robustness including testing methods, numerical accuracy limits, performance benchmarks, and robustness evaluation against distribution shift and adversarial conditions. The control addresses: Protect training/inference data integrity and lawful use through provenance, licensing, sensitivity labeling, and integrity controls.. None of the 7 individual requirements contain explicit keyword matches to prEN 18229-2 terminology. The mapping is established at the control level based on overall subject matter and domain alignment. This represents a traceability gap at the requirement level -- consider adding explicit prEN 18229-2 language to one or more requirements to strengthen direct traceability."
P.AC.S-02,Art. 15 - Robustness Evaluation,"ARISE control AI-Specific Attack Vectors (PROTECT) maps to Art. 15 - Robustness Evaluation of prEN 18229-2, which covers AI system accuracy and robustness including testing methods, numerical accuracy limits, performance benchmarks, and robustness evaluation against distribution shift and adversarial conditions. 2 of 8 requirements demonstrate direct keyword alignment to this standard: P.AC.S-02-req-03 (Adversarial Testing: Red-team for jailbreaks, prompt-injection chains, data poisoning; capture signatures into detections.) -- matched terms: adversarial, test, testing"
P.AT-01,Art. 15 - Trustworthiness Evaluation,"ARISE control AI Training (PROTECT) maps to Art. 15 - Trustworthiness Evaluation of prEN 18229-2, which covers AI system accuracy and robustness including testing methods, numerical accuracy limits, performance benchmarks, and robustness evaluation against distribution shift and adversarial conditions. 1 of 7 requirements demonstrate direct keyword alignment to this standard: P.AT-01-req-03 (Curriculum Design: Modular training covering bias, fairness, explainability, data governance, TEVV, and legal obligations.) -- matched terms: tevv. These requirements substantively address prEN 18229-2 obligations at the individual requirement level, confirming strong traceability."
P.AT-02,Art. 15 - Trustworthiness Evaluation,"ARISE control Cybersecurity Training (PROTECT) maps to Art. 15 - Trustworthiness Evaluation of prEN 18229-2, which covers AI system accuracy and robustness including testing methods, numerical accuracy limits, performance benchmarks, and robustness evaluation against distribution shift and adversarial conditions. 2 of 5 requirements demonstrate direct keyword alignment to this standard: P.AT-02-req-03 (Simulated Campaigns: Regular phishing tests; corrective micro-training for failures.) -- matched terms: test"
P.AT-03,Art. 15 - Trustworthiness Evaluation,"ARISE control Governance Training (PROTECT) maps to Art. 15 - Trustworthiness Evaluation of prEN 18229-2, which covers AI system accuracy and robustness including testing methods, numerical accuracy limits, performance benchmarks, and robustness evaluation against distribution shift and adversarial conditions. The control addresses: Develop cross-functional literacy among leadership, risk owners, and committees in AI ethics, cybersecurity governance, and compliance management.. None of the 6 individual requirements contain explicit keyword matches to prEN 18229-2 terminology. The mapping is established at the control level based on overall subject matter and domain alignment. This represents a traceability gap at the requirement level -- consider adding explicit prEN 18229-2 language to one or more requirements to strengthen direct traceability."
P.DS-01,Art. 15 - Trustworthiness Evaluation,"ARISE control Classification & Handling (PROTECT) maps to Art. 15 - Trustworthiness Evaluation of prEN 18229-2, which covers AI system accuracy and robustness including testing methods, numerical accuracy limits, performance benchmarks, and robustness evaluation against distribution shift and adversarial conditions. 1 of 8 requirements demonstrate direct keyword alignment to this standard: P.DS-01-req-07 (Automated Classification Verification: Implement automated scanning tools to periodically validate that data stored in repositories matches its assigned classification label (e.g., identifying unencrypted PII in a Public bucket).) -- matched terms: verification. These requirements substantively address prEN 18229-2 obligations at the individual requirement level, confirming strong traceability."
P.DS-02,Art. 15 - Trustworthiness Evaluation,"ARISE control Cryptographic Management (PROTECT) maps to Art. 15 - Trustworthiness Evaluation of prEN 18229-2, which covers AI system accuracy and robustness including testing methods, numerical accuracy limits, performance benchmarks, and robustness evaluation against distribution shift and adversarial conditions. The control addresses: Ensure confidentiality, integrity, and authenticity of data and AI models through modern, approved cryptographic controls.. None of the 6 individual requirements contain explicit keyword matches to prEN 18229-2 terminology. The mapping is established at the control level based on overall subject matter and domain alignment. This represents a traceability gap at the requirement level -- consider adding explicit prEN 18229-2 language to one or more requirements to strengthen direct traceability."
P.ES,Art. 15 - Trustworthiness Evaluation,"ARISE control Endpoint Security (PROTECT) maps to Art. 15 - Trustworthiness Evaluation of prEN 18229-2, which covers AI system accuracy and robustness including testing methods, numerical accuracy limits, performance benchmarks, and robustness evaluation against distribution shift and adversarial conditions. 1 of 9 requirements demonstrate direct keyword alignment to this standard: P.ES-req-09 (Model & Cache Integrity Monitoring: Implement file integrity monitoring (FIM) or cryptographic hash validation for locally stored model weights and inference caches to detect unauthorized tampering or poisoning of the local model state.) -- matched terms: validation. These requirements substantively address prEN 18229-2 obligations at the individual requirement level, confirming strong traceability."
P.IM,Art. 15 - Trustworthiness Evaluation,"ARISE control Identity Management (PROTECT) maps to Art. 15 - Trustworthiness Evaluation of prEN 18229-2, which covers AI system accuracy and robustness including testing methods, numerical accuracy limits, performance benchmarks, and robustness evaluation against distribution shift and adversarial conditions. The control addresses: Ensure that only authorized, authenticated, and accountable entities—human or machine—can access systems, datasets, and AI resources, enforcing least-privilege and separation of duties.. None of the 10 individual requirements contain explicit keyword matches to prEN 18229-2 terminology. The mapping is established at the control level based on overall subject matter and domain alignment. This represents a traceability gap at the requirement level -- consider adding explicit prEN 18229-2 language to one or more requirements to strengthen direct traceability."
P.NS,Art. 15 - Trustworthiness Evaluation,"ARISE control Network Security (PROTECT) maps to Art. 15 - Trustworthiness Evaluation of prEN 18229-2, which covers AI system accuracy and robustness including testing methods, numerical accuracy limits, performance benchmarks, and robustness evaluation against distribution shift and adversarial conditions. 3 of 7 requirements demonstrate direct keyword alignment to this standard: P.NS-req-02 (Perimeter & API Security: WAF and API gateways for authentication, schema validation, rate limits; bot/injection protections.) -- matched terms: validation"
P.PC,Art. 15 - Trustworthiness Evaluation,"ARISE control Privacy Controls (PROTECT) maps to Art. 15 - Trustworthiness Evaluation of prEN 18229-2, which covers AI system accuracy and robustness including testing methods, numerical accuracy limits, performance benchmarks, and robustness evaluation against distribution shift and adversarial conditions. The control addresses: Protect personal and sensitive information by embedding privacy-enhancing technologies and governance in all systems.. None of the 7 individual requirements contain explicit keyword matches to prEN 18229-2 terminology. The mapping is established at the control level based on overall subject matter and domain alignment. This represents a traceability gap at the requirement level -- consider adding explicit prEN 18229-2 language to one or more requirements to strengthen direct traceability."
P.PS,Art. 15 - Trustworthiness Evaluation,"ARISE control Platform Security (PROTECT) maps to Art. 15 - Trustworthiness Evaluation of prEN 18229-2, which covers AI system accuracy and robustness including testing methods, numerical accuracy limits, performance benchmarks, and robustness evaluation against distribution shift and adversarial conditions. 4 of 8 requirements demonstrate direct keyword alignment to this standard: P.PS-req-01 (Configuration Baselines: CIS benchmarks; preventive guardrails (policy-as-code) enforced in IaC and cloud policy engines.) -- matched terms: benchmark"
P.PY-01,Art. 15 - Trustworthiness Evaluation,"ARISE control Access Controls (PROTECT) maps to Art. 15 - Trustworthiness Evaluation of prEN 18229-2, which covers AI system accuracy and robustness including testing methods, numerical accuracy limits, performance benchmarks, and robustness evaluation against distribution shift and adversarial conditions. The control addresses: Prevent unauthorized physical access to facilities, secure areas, and media.. None of the 4 individual requirements contain explicit keyword matches to prEN 18229-2 terminology. The mapping is established at the control level based on overall subject matter and domain alignment. This represents a traceability gap at the requirement level -- consider adding explicit prEN 18229-2 language to one or more requirements to strengthen direct traceability."
P.PY-02,Art. 15 - Trustworthiness Evaluation,"ARISE control Environment Controls (PROTECT) maps to Art. 15 - Trustworthiness Evaluation of prEN 18229-2, which covers AI system accuracy and robustness including testing methods, numerical accuracy limits, performance benchmarks, and robustness evaluation against distribution shift and adversarial conditions. The control addresses: Protect assets against environmental hazards and facility failures.. None of the 4 individual requirements contain explicit keyword matches to prEN 18229-2 terminology. The mapping is established at the control level based on overall subject matter and domain alignment. This represents a traceability gap at the requirement level -- consider adding explicit prEN 18229-2 language to one or more requirements to strengthen direct traceability."
P.PY-03,Art. 15 - Trustworthiness Evaluation,"ARISE control Safety & Security (PROTECT) maps to Art. 15 - Trustworthiness Evaluation of prEN 18229-2, which covers AI system accuracy and robustness including testing methods, numerical accuracy limits, performance benchmarks, and robustness evaluation against distribution shift and adversarial conditions. The control addresses: Protect personnel and assets during incidents; ensure safe evacuation and secure handling of sensitive media.. None of the 4 individual requirements contain explicit keyword matches to prEN 18229-2 terminology. The mapping is established at the control level based on overall subject matter and domain alignment. This represents a traceability gap at the requirement level -- consider adding explicit prEN 18229-2 language to one or more requirements to strengthen direct traceability."
P.RC,Art. 15 - Robustness Evaluation,"ARISE control Resilience Controls (PROTECT) maps to Art. 15 - Robustness Evaluation of prEN 18229-2, which covers AI system accuracy and robustness including testing methods, numerical accuracy limits, performance benchmarks, and robustness evaluation against distribution shift and adversarial conditions. 4 of 10 requirements demonstrate direct keyword alignment to this standard: P.RC-req-01 (Data Resilience: Immutable backups, point-in-time recovery, encryption, and cross-region copies; periodic restore tests including model artifacts.) -- matched terms: test"
P.RP-01,Art. 15 - Trustworthiness Evaluation,"ARISE control Business Continuity (PROTECT) maps to Art. 15 - Trustworthiness Evaluation of prEN 18229-2, which covers AI system accuracy and robustness including testing methods, numerical accuracy limits, performance benchmarks, and robustness evaluation against distribution shift and adversarial conditions. 1 of 6 requirements demonstrate direct keyword alignment to this standard: P.RP-01-req-03 (Validated Workarounds: Annual continuity tests; documented workarounds validated.) -- matched terms: test. These requirements substantively address prEN 18229-2 obligations at the individual requirement level, confirming strong traceability."
P.RP-02,Art. 15 - Testing Methods,"ARISE control Disaster Recovery (PROTECT) maps to Art. 15 - Testing Methods of prEN 18229-2, which covers AI system accuracy and robustness including testing methods, numerical accuracy limits, performance benchmarks, and robustness evaluation against distribution shift and adversarial conditions. 2 of 6 requirements demonstrate direct keyword alignment to this standard: P.RP-02-req-02 (Restore Validation: Scheduled full/partial restores; verification of integrity and signing.) -- matched terms: validation, verification"
P.SC,Art. 15 - Trustworthiness Evaluation,"ARISE control Supply Chain (PROTECT) maps to Art. 15 - Trustworthiness Evaluation of prEN 18229-2, which covers AI system accuracy and robustness including testing methods, numerical accuracy limits, performance benchmarks, and robustness evaluation against distribution shift and adversarial conditions. 4 of 7 requirements demonstrate direct keyword alignment to this standard: P.SC-req-01 (Intake & Vetting: Security/legal review; license compliance; provenance validation; risk scoring.) -- matched terms: validation"
P.SD,Art. 15 - Testing Methods,"ARISE control Secure Development (PROTECT) maps to Art. 15 - Testing Methods of prEN 18229-2, which covers AI system accuracy and robustness including testing methods, numerical accuracy limits, performance benchmarks, and robustness evaluation against distribution shift and adversarial conditions. 2 of 10 requirements demonstrate direct keyword alignment to this standard: P.SD-req-05 (Provenance & Integrity: Signed builds; reproducible pipelines; attestation for artifacts/models.) -- matched terms: test"
D.AD,Art. 15 - Trustworthiness Evaluation,"ARISE control Anomaly Detection (DETECT) maps to Art. 15 - Trustworthiness Evaluation of prEN 18229-2, which covers AI system accuracy and robustness including testing methods, numerical accuracy limits, performance benchmarks, and robustness evaluation against distribution shift and adversarial conditions. 2 of 6 requirements demonstrate direct keyword alignment to this standard: D.AD-req-04 (Validation & Tuning: Periodically test detection accuracy and retrain models; review and tune at least annually.) -- matched terms: accuracy, test, validation"
D.CM,Art. 15 - Trustworthiness Evaluation,"ARISE control Continuous Monitoring (DETECT) maps to Art. 15 - Trustworthiness Evaluation of prEN 18229-2, which covers AI system accuracy and robustness including testing methods, numerical accuracy limits, performance benchmarks, and robustness evaluation against distribution shift and adversarial conditions. 3 of 8 requirements demonstrate direct keyword alignment to this standard: D.CM-req-01 (Telemetry Collection: Aggregate logs, metrics, and AI inference data across systems and environments.) -- matched terms: metric"
D.ID,Art. 15 - Trustworthiness Evaluation,"ARISE control IOC Detection (DETECT) maps to Art. 15 - Trustworthiness Evaluation of prEN 18229-2, which covers AI system accuracy and robustness including testing methods, numerical accuracy limits, performance benchmarks, and robustness evaluation against distribution shift and adversarial conditions. 2 of 7 requirements demonstrate direct keyword alignment to this standard: D.ID-req-04 (Validation: Validate IOC coverage and accuracy regularly.) -- matched terms: accuracy, validation"
D.IM,Art. 15 - Trustworthiness Evaluation,"ARISE control Incident Management (DETECT) maps to Art. 15 - Trustworthiness Evaluation of prEN 18229-2, which covers AI system accuracy and robustness including testing methods, numerical accuracy limits, performance benchmarks, and robustness evaluation against distribution shift and adversarial conditions. The control addresses: Ensure rapid identification, containment, analysis, and recovery from security and AI-related incidents to reduce impact and recurrence.. None of the 6 individual requirements contain explicit keyword matches to prEN 18229-2 terminology. The mapping is established at the control level based on overall subject matter and domain alignment. This represents a traceability gap at the requirement level -- consider adding explicit prEN 18229-2 language to one or more requirements to strengthen direct traceability."
D.MT,Art. 15 - Trustworthiness Evaluation,"ARISE control Monitor Third Parties (DETECT) maps to Art. 15 - Trustworthiness Evaluation of prEN 18229-2, which covers AI system accuracy and robustness including testing methods, numerical accuracy limits, performance benchmarks, and robustness evaluation against distribution shift and adversarial conditions. 1 of 6 requirements demonstrate direct keyword alignment to this standard: D.MT-req-01 (Evidence Review: Require attestations, SOC/ISO/AI assurance reports.) -- matched terms: test. These requirements substantively address prEN 18229-2 obligations at the individual requirement level, confirming strong traceability."
D.SA-01,Art. 15 - Testing Methods,"ARISE control Performing Security Assessments (DETECT) maps to Art. 15 - Testing Methods of prEN 18229-2, which covers AI system accuracy and robustness including testing methods, numerical accuracy limits, performance benchmarks, and robustness evaluation against distribution shift and adversarial conditions. 1 of 6 requirements demonstrate direct keyword alignment to this standard: D.SA-01-req-03 (Fully Documented Testing Program: Conduct vulnerability, code(e.g., SAST, DAST, IAST, SCA...) tests.) -- matched terms: test, testing. These requirements substantively address prEN 18229-2 obligations at the individual requirement level, confirming strong traceability."
D.SA-02,Art. 15 - Robustness Evaluation,"ARISE control Penetration Testing (DETECT) maps to Art. 15 - Robustness Evaluation of prEN 18229-2, which covers AI system accuracy and robustness including testing methods, numerical accuracy limits, performance benchmarks, and robustness evaluation against distribution shift and adversarial conditions. 5 of 6 requirements demonstrate direct keyword alignment to this standard: D.SA-02-req-02 (Standard Execution: Conduct standard penetration testing on hosting infrastructure, APIs, and web applications.) -- matched terms: test, testing"
D.SA-03,Art. 15 - Testing Methods,"ARISE control Vulnerability Testing (DETECT) maps to Art. 15 - Testing Methods of prEN 18229-2, which covers AI system accuracy and robustness including testing methods, numerical accuracy limits, performance benchmarks, and robustness evaluation against distribution shift and adversarial conditions. The control addresses: Identify and mitigate exploitable weaknesses across systems, applications, and AI components.. None of the 7 individual requirements contain explicit keyword matches to prEN 18229-2 terminology. The mapping is established at the control level based on overall subject matter and domain alignment. This represents a traceability gap at the requirement level -- consider adding explicit prEN 18229-2 language to one or more requirements to strengthen direct traceability."
D.SA-04,Art. 15 - Testing Methods,"ARISE control Tabletop Exercises (BCDR) (DETECT) maps to Art. 15 - Testing Methods of prEN 18229-2, which covers AI system accuracy and robustness including testing methods, numerical accuracy limits, performance benchmarks, and robustness evaluation against distribution shift and adversarial conditions. 1 of 7 requirements demonstrate direct keyword alignment to this standard: D.SA-04-req-07 (Drift ValidationMove beyond tabletops to technical simulations (e.g., actual failover of systems, restoring from vaulted backups).) -- matched terms: drift, validation. These requirements substantively address prEN 18229-2 obligations at the individual requirement level, confirming strong traceability."
D.SA-05,Art. 15 - Trustworthiness Evaluation,"ARISE control Code Scanning (DETECT) maps to Art. 15 - Trustworthiness Evaluation of prEN 18229-2, which covers AI system accuracy and robustness including testing methods, numerical accuracy limits, performance benchmarks, and robustness evaluation against distribution shift and adversarial conditions. 1 of 8 requirements demonstrate direct keyword alignment to this standard: D.SA-05-req-08 (AI Artifacts Model Scanning: Scan model binary files (e.g., .pkl, .h5) for malware or deserialization attacks before ingestion.) -- matched terms: attack. These requirements substantively address prEN 18229-2 obligations at the individual requirement level, confirming strong traceability."
D.TI,Art. 15 - Trustworthiness Evaluation,"ARISE control Threat Intelligence (DETECT) maps to Art. 15 - Trustworthiness Evaluation of prEN 18229-2, which covers AI system accuracy and robustness including testing methods, numerical accuracy limits, performance benchmarks, and robustness evaluation against distribution shift and adversarial conditions. 2 of 7 requirements demonstrate direct keyword alignment to this standard: D.TI-req-01 (Sources & Validation: Subscribe to validated TI feeds (CISA, ISACs, vendors).) -- matched terms: validation"
R.IC.E-01,Art. 15 - Trustworthiness Evaluation,"ARISE control Regulatory Reporting (RESPOND) maps to Art. 15 - Trustworthiness Evaluation of prEN 18229-2, which covers AI system accuracy and robustness including testing methods, numerical accuracy limits, performance benchmarks, and robustness evaluation against distribution shift and adversarial conditions. 1 of 6 requirements demonstrate direct keyword alignment to this standard: R.IC.E-01-req-03 (Coordinate with Legal, DPO, and Compliance to ensure accuracy and legal sufficiency.) -- matched terms: accuracy. These requirements substantively address prEN 18229-2 obligations at the individual requirement level, confirming strong traceability."
R.IC.E-02,Art. 15 - Trustworthiness Evaluation,"ARISE control Law Enforcement Partners (RESPOND) maps to Art. 15 - Trustworthiness Evaluation of prEN 18229-2, which covers AI system accuracy and robustness including testing methods, numerical accuracy limits, performance benchmarks, and robustness evaluation against distribution shift and adversarial conditions. 1 of 6 requirements demonstrate direct keyword alignment to this standard: R.IC.E-02-req-06 (Scope Verification: Verify scope of engagement and specific data sharing requirements.) -- matched terms: verification. These requirements substantively address prEN 18229-2 obligations at the individual requirement level, confirming strong traceability."
R.IC.E-03,Art. 15 - Trustworthiness Evaluation,"ARISE control Information-Sharing Communities (RESPOND) maps to Art. 15 - Trustworthiness Evaluation of prEN 18229-2, which covers AI system accuracy and robustness including testing methods, numerical accuracy limits, performance benchmarks, and robustness evaluation against distribution shift and adversarial conditions. 1 of 6 requirements demonstrate direct keyword alignment to this standard: R.IC.E-03-req-02 (Data Validation: Share only validated and non-sensitive threat data (IOCs, TTPs) to prevent false alarms or privacy leaks.) -- matched terms: validation. These requirements substantively address prEN 18229-2 obligations at the individual requirement level, confirming strong traceability."
R.IC.E-04,Art. 15 - Trustworthiness Evaluation,"ARISE control Privacy Notification Requirements (RESPOND) maps to Art. 15 - Trustworthiness Evaluation of prEN 18229-2, which covers AI system accuracy and robustness including testing methods, numerical accuracy limits, performance benchmarks, and robustness evaluation against distribution shift and adversarial conditions. The control addresses: Notify affected individuals per legal and contractual obligations following a verified data breach.. None of the 6 individual requirements contain explicit keyword matches to prEN 18229-2 terminology. The mapping is established at the control level based on overall subject matter and domain alignment. This represents a traceability gap at the requirement level -- consider adding explicit prEN 18229-2 language to one or more requirements to strengthen direct traceability."
R.IC.I-01,Art. 15 - Trustworthiness Evaluation,"ARISE control Personnel (RESPOND) maps to Art. 15 - Trustworthiness Evaluation of prEN 18229-2, which covers AI system accuracy and robustness including testing methods, numerical accuracy limits, performance benchmarks, and robustness evaluation against distribution shift and adversarial conditions. 2 of 7 requirements demonstrate direct keyword alignment to this standard: R.IC.I-01-req-03 (Trusted Channel Verification: Establish and train staff on a primary channel and a challenge-response protocol to verify that incident instructions are genuine, mitigating social engineering attacks.) -- matched terms: attack, verification"
R.IC.I-02,Art. 15 - Trustworthiness Evaluation,"ARISE control Top Management (RESPOND) maps to Art. 15 - Trustworthiness Evaluation of prEN 18229-2, which covers AI system accuracy and robustness including testing methods, numerical accuracy limits, performance benchmarks, and robustness evaluation against distribution shift and adversarial conditions. 1 of 7 requirements demonstrate direct keyword alignment to this standard: R.IC.I-02-req-06 (Risk Metrics: Include metrics linked to organizational risk appetite and materiality thresholds.) -- matched terms: metric. These requirements substantively address prEN 18229-2 obligations at the individual requirement level, confirming strong traceability."
R.IC.I-03,Art. 15 - Trustworthiness Evaluation,"ARISE control Incident Response Team (RESPOND) maps to Art. 15 - Trustworthiness Evaluation of prEN 18229-2, which covers AI system accuracy and robustness including testing methods, numerical accuracy limits, performance benchmarks, and robustness evaluation against distribution shift and adversarial conditions. The control addresses: Maintain synchronized internal communication during active incidents with a single source of truth.. None of the 7 individual requirements contain explicit keyword matches to prEN 18229-2 terminology. The mapping is established at the control level based on overall subject matter and domain alignment. This represents a traceability gap at the requirement level -- consider adding explicit prEN 18229-2 language to one or more requirements to strengthen direct traceability."
R.IC.P,Art. 15 - Trustworthiness Evaluation,"ARISE control Public Updates / Disclosures (RESPOND) maps to Art. 15 - Trustworthiness Evaluation of prEN 18229-2, which covers AI system accuracy and robustness including testing methods, numerical accuracy limits, performance benchmarks, and robustness evaluation against distribution shift and adversarial conditions. 1 of 7 requirements demonstrate direct keyword alignment to this standard: R.IC.P-req-02 (Legal & Risk Review: All communications undergo Legal, Risk, and Executive review prior to release to ensure accuracy and limit liability.) -- matched terms: accuracy. These requirements substantively address prEN 18229-2 obligations at the individual requirement level, confirming strong traceability."
R.IC.R,Art. 15 - Trustworthiness Evaluation,"ARISE control Recovery Activity & Restoration (RESPOND) maps to Art. 15 - Trustworthiness Evaluation of prEN 18229-2, which covers AI system accuracy and robustness including testing methods, numerical accuracy limits, performance benchmarks, and robustness evaluation against distribution shift and adversarial conditions. 1 of 6 requirements demonstrate direct keyword alignment to this standard: R.IC.R-req-04 (Data Validation: Validate all external statements against real-time operational data.) -- matched terms: validation. These requirements substantively address prEN 18229-2 obligations at the individual requirement level, confirming strong traceability."
R.IM-01,Art. 15 - Trustworthiness Evaluation,"ARISE control Containment (RESPOND) maps to Art. 15 - Trustworthiness Evaluation of prEN 18229-2, which covers AI system accuracy and robustness including testing methods, numerical accuracy limits, performance benchmarks, and robustness evaluation against distribution shift and adversarial conditions. 2 of 8 requirements demonstrate direct keyword alignment to this standard: R.IM-01-req-03 (Verification: Validate that containment succeeded and document all actions.) -- matched terms: verification"
R.IM-02,Art. 15 - Trustworthiness Evaluation,"ARISE control Eradication (RESPOND) maps to Art. 15 - Trustworthiness Evaluation of prEN 18229-2, which covers AI system accuracy and robustness including testing methods, numerical accuracy limits, performance benchmarks, and robustness evaluation against distribution shift and adversarial conditions. 3 of 7 requirements demonstrate direct keyword alignment to this standard: R.IM-02-req-02 (Validation Tests: Run post-remediation scans, regression tests, and AI inference checks for residual anomalies.) -- matched terms: test, validation"
R.IM-03,Art. 15 - Trustworthiness Evaluation,"ARISE control Disaster Recovery (RESPOND) maps to Art. 15 - Trustworthiness Evaluation of prEN 18229-2, which covers AI system accuracy and robustness including testing methods, numerical accuracy limits, performance benchmarks, and robustness evaluation against distribution shift and adversarial conditions. 4 of 6 requirements demonstrate direct keyword alignment to this standard: R.IM-03-req-01 (Restore Procedures: Maintain tested restore runbooks for systems, models, and datasets; verify signatures before redeployment.) -- matched terms: test"
R.IM-04,Art. 15 - Trustworthiness Evaluation,"ARISE control Business Continuity (RESPOND) maps to Art. 15 - Trustworthiness Evaluation of prEN 18229-2, which covers AI system accuracy and robustness including testing methods, numerical accuracy limits, performance benchmarks, and robustness evaluation against distribution shift and adversarial conditions. 1 of 6 requirements demonstrate direct keyword alignment to this standard: R.IM-04-req-06 (Testing & Validation: Documented continuity plans for all operations; semi-annual testing of fallbacks.) -- matched terms: test, testing, validation. These requirements substantively address prEN 18229-2 obligations at the individual requirement level, confirming strong traceability."
R.IR-01,Art. 15 - Trustworthiness Evaluation,"ARISE control Incident Response: AI (RESPOND) maps to Art. 15 - Trustworthiness Evaluation of prEN 18229-2, which covers AI system accuracy and robustness including testing methods, numerical accuracy limits, performance benchmarks, and robustness evaluation against distribution shift and adversarial conditions. 3 of 10 requirements demonstrate direct keyword alignment to this standard: R.IR-01-req-02 (Initial Assessment: Define harm thresholds (ethical, reputational, regulatory). Perform rapid validation using logs, telemetry, and replication tests.) -- matched terms: test, validation"
R.IR-02,Art. 15 - Trustworthiness Evaluation,"ARISE control Incident Response: Cybersecurity (RESPOND) maps to Art. 15 - Trustworthiness Evaluation of prEN 18229-2, which covers AI system accuracy and robustness including testing methods, numerical accuracy limits, performance benchmarks, and robustness evaluation against distribution shift and adversarial conditions. 2 of 8 requirements demonstrate direct keyword alignment to this standard: R.IR-02-req-05 (Reporting & Review: Record incident details, actions, and verification outcomes; link to POA&M updates and root-cause records.) -- matched terms: verification"
R.IR-03,Art. 15 - Trustworthiness Evaluation,"ARISE control Incident Response: Privacy (RESPOND) maps to Art. 15 - Trustworthiness Evaluation of prEN 18229-2, which covers AI system accuracy and robustness including testing methods, numerical accuracy limits, performance benchmarks, and robustness evaluation against distribution shift and adversarial conditions. The control addresses: Manage and mitigate personal data breaches or unauthorized processing activities, ensuring compliance with privacy laws and customer trust.. None of the 7 individual requirements contain explicit keyword matches to prEN 18229-2 terminology. The mapping is established at the control level based on overall subject matter and domain alignment. This represents a traceability gap at the requirement level -- consider adding explicit prEN 18229-2 language to one or more requirements to strengthen direct traceability."
R.LL,Art. 15 - Trustworthiness Evaluation,"ARISE control Incident Lessons Learned (RESPOND) maps to Art. 15 - Trustworthiness Evaluation of prEN 18229-2, which covers AI system accuracy and robustness including testing methods, numerical accuracy limits, performance benchmarks, and robustness evaluation against distribution shift and adversarial conditions. The control addresses: Ensure every incident or near miss results in measurable learning, control enhancement, and organizational improvement.. None of the 6 individual requirements contain explicit keyword matches to prEN 18229-2 terminology. The mapping is established at the control level based on overall subject matter and domain alignment. This represents a traceability gap at the requirement level -- consider adding explicit prEN 18229-2 language to one or more requirements to strengthen direct traceability."
V.AD-01,Art. 15 - Trustworthiness Evaluation,"ARISE control External Audit: AI Audit (VALIDATE) maps to Art. 15 - Trustworthiness Evaluation of prEN 18229-2, which covers AI system accuracy and robustness including testing methods, numerical accuracy limits, performance benchmarks, and robustness evaluation against distribution shift and adversarial conditions. 2 of 6 requirements demonstrate direct keyword alignment to this standard: V.AD-01-req-02 (Audit Readiness: Curate policy sets, inventories, TEVV artifacts, evaluation/verification/validation packages, and incident logs; appoint liaison and evidence owners.) -- matched terms: evaluat, tevv, validation, verification"
V.AD-02,Art. 15 - Testing Methods,"ARISE control External Audit: Security Audit (VALIDATE) maps to Art. 15 - Testing Methods of prEN 18229-2, which covers AI system accuracy and robustness including testing methods, numerical accuracy limits, performance benchmarks, and robustness evaluation against distribution shift and adversarial conditions. 2 of 4 requirements demonstrate direct keyword alignment to this standard: V.AD-02-req-03 (Report & Follow-Up: Review draft findings for accuracy, finalize reports, implement CAPA, and report to leadership.) -- matched terms: accuracy"
V.CI-01,Art. 15 - Trustworthiness Evaluation,"ARISE control Reporting Channels (VALIDATE) maps to Art. 15 - Trustworthiness Evaluation of prEN 18229-2, which covers AI system accuracy and robustness including testing methods, numerical accuracy limits, performance benchmarks, and robustness evaluation against distribution shift and adversarial conditions. The control addresses: Provide safe, accessible, and responsive channels for employees, customers, and users to report risks, incidents, or ethical concerns.. None of the 6 individual requirements contain explicit keyword matches to prEN 18229-2 terminology. The mapping is established at the control level based on overall subject matter and domain alignment. This represents a traceability gap at the requirement level -- consider adding explicit prEN 18229-2 language to one or more requirements to strengthen direct traceability."
V.CI-02,Art. 15 - Robustness Evaluation,"ARISE control Internal Audit: AI Audit (VALIDATE) maps to Art. 15 - Robustness Evaluation of prEN 18229-2, which covers AI system accuracy and robustness including testing methods, numerical accuracy limits, performance benchmarks, and robustness evaluation against distribution shift and adversarial conditions. 2 of 6 requirements demonstrate direct keyword alignment to this standard: V.CI-02-req-02 (Test Procedures: Evidence sampling of TEVV artifacts, fairness/robustness metrics, privacy constraints, explainability proofs, and inventory completeness.) -- matched terms: metric, robustness, test, tevv"
V.CI-03,Art. 15 - Trustworthiness Evaluation,"ARISE control Internal Audit: Security Audit (VALIDATE) maps to Art. 15 - Trustworthiness Evaluation of prEN 18229-2, which covers AI system accuracy and robustness including testing methods, numerical accuracy limits, performance benchmarks, and robustness evaluation against distribution shift and adversarial conditions. 3 of 6 requirements demonstrate direct keyword alignment to this standard: V.CI-03-req-02 (Control Testing: Walkthroughs, design tests, re-performance, and sampling; verify evidence quality and retention.) -- matched terms: test, testing"
V.IA,Art. 15 - Trustworthiness Evaluation,"ARISE control Internal Audit (VALIDATE) maps to Art. 15 - Trustworthiness Evaluation of prEN 18229-2, which covers AI system accuracy and robustness including testing methods, numerical accuracy limits, performance benchmarks, and robustness evaluation against distribution shift and adversarial conditions. The control addresses: Provide independent assurance on the adequacy and effectiveness of security, privacy, and AI governance controls.. None of the 5 individual requirements contain explicit keyword matches to prEN 18229-2 terminology. The mapping is established at the control level based on overall subject matter and domain alignment. This represents a traceability gap at the requirement level -- consider adding explicit prEN 18229-2 language to one or more requirements to strengthen direct traceability."
V.TE-01,Art. 15 - Testing Methods,"ARISE control Testing (VALIDATE) maps to Art. 15 - Testing Methods of prEN 18229-2, which covers AI system accuracy and robustness including testing methods, numerical accuracy limits, performance benchmarks, and robustness evaluation against distribution shift and adversarial conditions. 8 of 8 requirements demonstrate direct keyword alignment to this standard: V.TE-01-req-01 (Independence & Competency: Separate builder and tester responsibilities for high-risk releases; ensure test engineers have AI safety/security skills where applicable.) -- matched terms: test"
V.TE-02,Art. 15 - Testing Methods,"ARISE control Evaluation (VALIDATE) maps to Art. 15 - Testing Methods of prEN 18229-2, which covers AI system accuracy and robustness including testing methods, numerical accuracy limits, performance benchmarks, and robustness evaluation against distribution shift and adversarial conditions. 8 of 8 requirements demonstrate direct keyword alignment to this standard: V.TE-02-req-01 (Evaluation Design: Define goals, metrics (effectiveness, calibration, latency, robustness, fairness, privacy, transparency), datasets, and sampling frames; include domain and demographic slices.) -- matched terms: evaluat, metric, robustness"
V.TE-03,Art. 15 - Testing Methods,"ARISE control Verification (VALIDATE) maps to Art. 15 - Testing Methods of prEN 18229-2, which covers AI system accuracy and robustness including testing methods, numerical accuracy limits, performance benchmarks, and robustness evaluation against distribution shift and adversarial conditions. 7 of 8 requirements demonstrate direct keyword alignment to this standard: V.TE-03-req-01 (Requirements Traceability: Maintain bidirectional traceability across requirements - designs - tests - results; include policy and governance requirements (e.g., logging, retention, guardrails).) -- matched terms: test"
V.TE-04,Art. 15 - Testing Methods,"ARISE control Validation (VALIDATE) maps to Art. 15 - Testing Methods of prEN 18229-2, which covers AI system accuracy and robustness including testing methods, numerical accuracy limits, performance benchmarks, and robustness evaluation against distribution shift and adversarial conditions. 4 of 7 requirements demonstrate direct keyword alignment to this standard: V.TE-04-req-01 (Risk Gates & Go/No-Go: Define validation gates linked to risk appetite; require executive/governance approval when thresholds are marginal.) -- matched terms: validation"
