arise_control_id,prEN 18228 Reference,rationale
G.AC-01,Art. 9.1 - Risk Management Process,"ARISE control Top Management Commitment (GOVERN) maps to Art. 9.1 - Risk Management Process of prEN 18228, which covers system-artifact level AI risk management including hazard identification, risk estimation, risk control selection, and residual risk review. 2 of 6 requirements demonstrate direct keyword alignment to this standard: G.AC-01-req-02 (Resources: Allocate budget and staffing to meet objectives and address risks.) -- matched terms: risk"
G.AC-02,Art. 9.1 - Risk Management Process,"ARISE control Charters & Committees (GOVERN) maps to Art. 9.1 - Risk Management Process of prEN 18228, which covers system-artifact level AI risk management including hazard identification, risk estimation, risk control selection, and residual risk review. 2 of 6 requirements demonstrate direct keyword alignment to this standard: G.AC-02-req-04 (Decision Tracking: Maintain a formal Decision Log separate from minutes; track committee mandates to completion (e.g., Risk Accepted or Remediation Ordered).) -- matched terms: risk"
G.AC-03,Art. 9.2 - Hazard Identification,"ARISE control Executive Leadership & Board Oversight (GOVERN) maps to Art. 9.2 - Hazard Identification of prEN 18228, which covers system-artifact level AI risk management including hazard identification, risk estimation, risk control selection, and residual risk review. 3 of 6 requirements demonstrate direct keyword alignment to this standard: G.AC-03-req-01 (Oversight Charter: Define responsibilities for policy approval, risk appetite, and performance review.) -- matched terms: appetite, risk"
G.GV.A-01,Art. 9.2 - Hazard Identification,"ARISE control Accountability (GOVERN) maps to Art. 9.2 - Hazard Identification of prEN 18228, which covers system-artifact level AI risk management including hazard identification, risk estimation, risk control selection, and residual risk review. 1 of 4 requirements demonstrate direct keyword alignment to this standard: G.GV.A-01-req-04 (Executive Attestation: Require formal sign-off (attestation) from the Accountable Executive confirming that high-risk AI systems meet all safety/governance requirements before deployment.) -- matched terms: risk. These requirements substantively address prEN 18228 obligations at the individual requirement level, confirming strong traceability."
G.GV.A-02,Art. 9.1 - Risk Management Process,"ARISE control Fairness (GOVERN) maps to Art. 9.1 - Risk Management Process of prEN 18228, which covers system-artifact level AI risk management including hazard identification, risk estimation, risk control selection, and residual risk review. The control addresses: Adopt quantitative fairness metrics and enforce mitigation when disparities exceed thresholds.. None of the 4 individual requirements contain explicit keyword matches to prEN 18228 terminology. The mapping is established at the control level based on overall subject matter and domain alignment. This represents a traceability gap at the requirement level -- consider adding explicit prEN 18228 language to one or more requirements to strengthen direct traceability."
G.GV.A-03,Art. 9.1 - Risk Management Process,"ARISE control Inclusivity (GOVERN) maps to Art. 9.1 - Risk Management Process of prEN 18228, which covers system-artifact level AI risk management including hazard identification, risk estimation, risk control selection, and residual risk review. 1 of 4 requirements demonstrate direct keyword alignment to this standard: G.GV.A-03-req-04 (Feedback Loops: Establish channels for marginalized or impacted communities to provide direct feedback on model performance and cultural relevance.) -- matched terms: impact. These requirements substantively address prEN 18228 obligations at the individual requirement level, confirming strong traceability."
G.GV.A-04,Art. 9.1 - Risk Management Process,"ARISE control Cultural Considerations (GOVERN) maps to Art. 9.1 - Risk Management Process of prEN 18228, which covers system-artifact level AI risk management including hazard identification, risk estimation, risk control selection, and residual risk review. 1 of 3 requirements demonstrate direct keyword alignment to this standard: G.GV.A-04-req-03 (Local Subject Matter Expert (SME) Validation: Mandate that high-impact launches in new regions undergo review by local cultural/legal experts (not just translation agencies) to catch nuance and context failures.) -- matched terms: impact. These requirements substantively address prEN 18228 obligations at the individual requirement level, confirming strong traceability."
G.GV.A-05,Art. 9.2 - Hazard Identification,"ARISE control Tensions and Trade-offs (GOVERN) maps to Art. 9.2 - Hazard Identification of prEN 18228, which covers system-artifact level AI risk management including hazard identification, risk estimation, risk control selection, and residual risk review. 1 of 4 requirements demonstrate direct keyword alignment to this standard: G.GV.A-05-req-01 (Leadership approval thresholds for risk acceptance.) -- matched terms: risk. These requirements substantively address prEN 18228 obligations at the individual requirement level, confirming strong traceability."
G.GV.A-06,Art. 9.1 - Risk Management Process,"ARISE control Transparency (GOVERN) maps to Art. 9.1 - Risk Management Process of prEN 18228, which covers system-artifact level AI risk management including hazard identification, risk estimation, risk control selection, and residual risk review. The control addresses: Publish explainability statements and disclose AI use where applicable; ensure documentation supports regulator and customer inquiries.. None of the 4 individual requirements contain explicit keyword matches to prEN 18228 terminology. The mapping is established at the control level based on overall subject matter and domain alignment. This represents a traceability gap at the requirement level -- consider adding explicit prEN 18228 language to one or more requirements to strengthen direct traceability."
G.GV.C-01,Art. 9.1 - Risk Management Process,"ARISE control COC: Acceptable Use (GOVERN) maps to Art. 9.1 - Risk Management Process of prEN 18228, which covers system-artifact level AI risk management including hazard identification, risk estimation, risk control selection, and residual risk review. The control addresses: Ensure personnel adhere to rules for appropriate use of systems, data, and AI technologies to prevent misuse and ethical breaches.. None of the 6 individual requirements contain explicit keyword matches to prEN 18228 terminology. The mapping is established at the control level based on overall subject matter and domain alignment. This represents a traceability gap at the requirement level -- consider adding explicit prEN 18228 language to one or more requirements to strengthen direct traceability."
G.GV.C-02,Art. 9.1 - Risk Management Process,"ARISE control COC: Data Ethics (GOVERN) maps to Art. 9.1 - Risk Management Process of prEN 18228, which covers system-artifact level AI risk management including hazard identification, risk estimation, risk control selection, and residual risk review. 1 of 6 requirements demonstrate direct keyword alignment to this standard: G.GV.C-02-req-03 (Ethical Decision-Making Model: Apply a model (e.g., ethical impact assessment) for sensitive/high-risk data.) -- matched terms: impact, risk. These requirements substantively address prEN 18228 obligations at the individual requirement level, confirming strong traceability."
G.GV.C-03,Art. 9.1 - Risk Management Process,"ARISE control COC: Ethical Principles for AI & Tech (GOVERN) maps to Art. 9.1 - Risk Management Process of prEN 18228, which covers system-artifact level AI risk management including hazard identification, risk estimation, risk control selection, and residual risk review. 1 of 7 requirements demonstrate direct keyword alignment to this standard: G.GV.C-03-req-02 (Human Oversight: Ensure meaningful human-in-the-loop for high-risk automated decisions.) -- matched terms: risk. These requirements substantively address prEN 18228 obligations at the individual requirement level, confirming strong traceability."
G.GV.P-01,Art. 9.1 - Risk Management Process,"ARISE control Core Policies (GOVERN) maps to Art. 9.1 - Risk Management Process of prEN 18228, which covers system-artifact level AI risk management including hazard identification, risk estimation, risk control selection, and residual risk review. 2 of 8 requirements demonstrate direct keyword alignment to this standard: G.GV.P-01-req-04 (Exceptions & Waivers: Documented, risk-assessed, authorized, time-bound.) -- matched terms: risk"
G.GV.P-02,Art. 9.1 - Risk Management Process,"ARISE control Security Policies (GOVERN) maps to Art. 9.1 - Risk Management Process of prEN 18228, which covers system-artifact level AI risk management including hazard identification, risk estimation, risk control selection, and residual risk review. 2 of 6 requirements demonstrate direct keyword alignment to this standard: G.GV.P-02-req-04 (Exception Handling: Deviations only with compensating controls and risk acceptance.) -- matched terms: risk"
G.GV.P-03,Art. 9.1 - Risk Management Process,"ARISE control Response & Resilience Policies (GOVERN) maps to Art. 9.1 - Risk Management Process of prEN 18228, which covers system-artifact level AI risk management including hazard identification, risk estimation, risk control selection, and residual risk review. The control addresses: Ensure preparedness, continuity, and rapid recovery via IR, BCP, and DR policies.. None of the 7 individual requirements contain explicit keyword matches to prEN 18228 terminology. The mapping is established at the control level based on overall subject matter and domain alignment. This represents a traceability gap at the requirement level -- consider adding explicit prEN 18228 language to one or more requirements to strengthen direct traceability."
G.GV.P-04,Art. 9.1 - Risk Management Process,"ARISE control AI Policies (GOVERN) maps to Art. 9.1 - Risk Management Process of prEN 18228, which covers system-artifact level AI risk management including hazard identification, risk estimation, risk control selection, and residual risk review. The control addresses: Codify principles for responsible, secure, ethical AI design, deployment, and operation.. None of the 6 individual requirements contain explicit keyword matches to prEN 18228 terminology. The mapping is established at the control level based on overall subject matter and domain alignment. This represents a traceability gap at the requirement level -- consider adding explicit prEN 18228 language to one or more requirements to strengthen direct traceability."
G.GV.P-05,Art. 9.1 - Risk Management Process,"ARISE control Privacy Policies (GOVERN) maps to Art. 9.1 - Risk Management Process of prEN 18228, which covers system-artifact level AI risk management including hazard identification, risk estimation, risk control selection, and residual risk review. The control addresses: Define rules for lawful, fair, transparent processing of personal/sensitive data, aligned to AI privacy needs.. None of the 7 individual requirements contain explicit keyword matches to prEN 18228 terminology. The mapping is established at the control level based on overall subject matter and domain alignment. This represents a traceability gap at the requirement level -- consider adding explicit prEN 18228 language to one or more requirements to strengthen direct traceability."
G.GV.P-06,Art. 9.1 - Risk Management Process,"ARISE control Ethics Policies (GOVERN) maps to Art. 9.1 - Risk Management Process of prEN 18228, which covers system-artifact level AI risk management including hazard identification, risk estimation, risk control selection, and residual risk review. The control addresses: Promote integrity, fairness, transparency, and human-centric technology use through enforceable ethical standards.. None of the 6 individual requirements contain explicit keyword matches to prEN 18228 terminology. The mapping is established at the control level based on overall subject matter and domain alignment. This represents a traceability gap at the requirement level -- consider adding explicit prEN 18228 language to one or more requirements to strengthen direct traceability."
G.GV.P-07,Art. 9.1 - Risk Management Process,"ARISE control HR Policies (GOVERN) maps to Art. 9.1 - Risk Management Process of prEN 18228, which covers system-artifact level AI risk management including hazard identification, risk estimation, risk control selection, and residual risk review. 1 of 6 requirements demonstrate direct keyword alignment to this standard: G.GV.P-07-req-01 (Pre-Employment Screening: Background/reference checks proportionate to role risk.) -- matched terms: risk. These requirements substantively address prEN 18228 obligations at the individual requirement level, confirming strong traceability."
G.GV.P-08,Art. 9.1 - Risk Management Process,"ARISE control Supply-Chain Policies (GOVERN) maps to Art. 9.1 - Risk Management Process of prEN 18228, which covers system-artifact level AI risk management including hazard identification, risk estimation, risk control selection, and residual risk review. 2 of 6 requirements demonstrate direct keyword alignment to this standard: G.GV.P-08-req-01 (Supplier Classification: Categorize suppliers by risk.) -- matched terms: risk"
G.GV.P-09,Art. 9.1 - Risk Management Process,"ARISE control Data-Governance Policies (GOVERN) maps to Art. 9.1 - Risk Management Process of prEN 18228, which covers system-artifact level AI risk management including hazard identification, risk estimation, risk control selection, and residual risk review. 1 of 7 requirements demonstrate direct keyword alignment to this standard: G.GV.P-09-req-07 (Automated Data Catalog & Lineage: Implement automated scanning to map data flow and transformation from source to model (lineage), enabling instant impact analysis during incidents.) -- matched terms: impact. These requirements substantively address prEN 18228 obligations at the individual requirement level, confirming strong traceability."
G.GV.S-01,Art. 9.1 - Risk Management Process,"ARISE control Core Standards (GOVERN) maps to Art. 9.1 - Risk Management Process of prEN 18228, which covers system-artifact level AI risk management including hazard identification, risk estimation, risk control selection, and residual risk review. 1 of 9 requirements demonstrate direct keyword alignment to this standard: G.GV.S-01-req-08 (Integration with Risk and Audit: Validation via KPIs/testing/audit.) -- matched terms: risk. These requirements substantively address prEN 18228 obligations at the individual requirement level, confirming strong traceability."
G.GV.S-02,Art. 9.1 - Risk Management Process,"ARISE control Security Standards (GOVERN) maps to Art. 9.1 - Risk Management Process of prEN 18228, which covers system-artifact level AI risk management including hazard identification, risk estimation, risk control selection, and residual risk review. 2 of 10 requirements demonstrate direct keyword alignment to this standard: G.GV.S-02-req-04 (Patch/Vulnerability Standards: SLAs (e.g., critical ≤ 7 days) and emergency patching.) -- matched terms: vulnerability"
G.GV.S-03,Art. 9.1 - Risk Management Process,"ARISE control Response & Resilience Standards (GOVERN) maps to Art. 9.1 - Risk Management Process of prEN 18228, which covers system-artifact level AI risk management including hazard identification, risk estimation, risk control selection, and residual risk review. The control addresses: Define standardized processes/criteria for incident response, DR, and business continuity including AI-specific failure modes.. None of the 7 individual requirements contain explicit keyword matches to prEN 18228 terminology. The mapping is established at the control level based on overall subject matter and domain alignment. This represents a traceability gap at the requirement level -- consider adding explicit prEN 18228 language to one or more requirements to strengthen direct traceability."
G.GV.S-04,Art. 9.1 - Risk Management Process,"ARISE control AI Standards (GOVERN) maps to Art. 9.1 - Risk Management Process of prEN 18228, which covers system-artifact level AI risk management including hazard identification, risk estimation, risk control selection, and residual risk review. 1 of 9 requirements demonstrate direct keyword alignment to this standard: G.GV.S-04-req-01 (Documentation Standards: Standardized model cards (metadata, purpose, I/O, provenance, metrics, risk classification).) -- matched terms: risk. These requirements substantively address prEN 18228 obligations at the individual requirement level, confirming strong traceability."
G.LR-01,Art. 9.1 - Risk Management Process,"ARISE control Data Privacy Compliance (GOVERN) maps to Art. 9.1 - Risk Management Process of prEN 18228, which covers system-artifact level AI risk management including hazard identification, risk estimation, risk control selection, and residual risk review. The control addresses: Comply with applicable data-protection/privacy laws with demonstrable accountability and oversight.. None of the 9 individual requirements contain explicit keyword matches to prEN 18228 terminology. The mapping is established at the control level based on overall subject matter and domain alignment. This represents a traceability gap at the requirement level -- consider adding explicit prEN 18228 language to one or more requirements to strengthen direct traceability."
G.LR-02,Art. 9.1 - Risk Management Process,"ARISE control Intellectual Property (IP) Management (GOVERN) maps to Art. 9.1 - Risk Management Process of prEN 18228, which covers system-artifact level AI risk management including hazard identification, risk estimation, risk control selection, and residual risk review. The control addresses: Protect IP assets—including proprietary data, algorithms, code, documentation, and AI models—while respecting third-party rights.. None of the 9 individual requirements contain explicit keyword matches to prEN 18228 terminology. The mapping is established at the control level based on overall subject matter and domain alignment. This represents a traceability gap at the requirement level -- consider adding explicit prEN 18228 language to one or more requirements to strengthen direct traceability."
G.LR-03,Art. 9.1 - Risk Management Process,"ARISE control AI Regulatory Compliance (GOVERN) maps to Art. 9.1 - Risk Management Process of prEN 18228, which covers system-artifact level AI risk management including hazard identification, risk estimation, risk control selection, and residual risk review. 2 of 8 requirements demonstrate direct keyword alignment to this standard: G.LR-03-req-02 (Human Oversight Mechanisms: Identify/document oversight for high-risk AI.) -- matched terms: risk"
G.LR-04,Art. 9.1 - Risk Management Process,"ARISE control Cybersecurity Regulatory Compliance (GOVERN) maps to Art. 9.1 - Risk Management Process of prEN 18228, which covers system-artifact level AI risk management including hazard identification, risk estimation, risk control selection, and residual risk review. The control addresses: Align cybersecurity controls with legal, contractual, and regulatory obligations and maintain continuous compliance.. None of the 7 individual requirements contain explicit keyword matches to prEN 18228 terminology. The mapping is established at the control level based on overall subject matter and domain alignment. This represents a traceability gap at the requirement level -- consider adding explicit prEN 18228 language to one or more requirements to strengthen direct traceability."
G.LR-05,Art. 9.1 - Risk Management Process,"ARISE control Ethical Use, Fairness & Bias Compliance (GOVERN) maps to Art. 9.1 - Risk Management Process of prEN 18228, which covers system-artifact level AI risk management including hazard identification, risk estimation, risk control selection, and residual risk review. 1 of 8 requirements demonstrate direct keyword alignment to this standard: G.LR-05-req-07 (Stakeholder Engagement: Involve affected groups/domain experts in high-impact reviews.) -- matched terms: impact. These requirements substantively address prEN 18228 obligations at the individual requirement level, confirming strong traceability."
G.OV,Art. 9.1 - Risk Management Process,"ARISE control Org Values & Governance (GOVERN) maps to Art. 9.1 - Risk Management Process of prEN 18228, which covers system-artifact level AI risk management including hazard identification, risk estimation, risk control selection, and residual risk review. The control addresses: Establish and embed organizational values and ethical tenets guiding secure, ethical, and equitable design/deployment of AI and digital systems.. None of the 7 individual requirements contain explicit keyword matches to prEN 18228 terminology. The mapping is established at the control level based on overall subject matter and domain alignment. This represents a traceability gap at the requirement level -- consider adding explicit prEN 18228 language to one or more requirements to strengthen direct traceability."
G.PR-01,Art. 9.1 - Risk Management Process,"ARISE control Privacy Program (GOVERN) maps to Art. 9.1 - Risk Management Process of prEN 18228, which covers system-artifact level AI risk management including hazard identification, risk estimation, risk control selection, and residual risk review. The control addresses: Establish and maintain an enterprise-wide Privacy Management Program ensuring lawful, ethical, transparent handling of personal/sensitive data.. None of the 11 individual requirements contain explicit keyword matches to prEN 18228 terminology. The mapping is established at the control level based on overall subject matter and domain alignment. This represents a traceability gap at the requirement level -- consider adding explicit prEN 18228 language to one or more requirements to strengthen direct traceability."
G.RM-01,Art. 9.2 - Hazard Identification,"ARISE control Risk Management Framework (GOVERN) maps to Art. 9.2 - Hazard Identification of prEN 18228, which covers system-artifact level AI risk management including hazard identification, risk estimation, risk control selection, and residual risk review. 6 of 10 requirements demonstrate direct keyword alignment to this standard: G.RM-01-req-01 (Framework Definition aligned with ISO 31000; define risk/impact/likelihood/appetite.) -- matched terms: appetite, impact, likelihood, risk"
G.RM-02,Art. 9.2 - Hazard Identification,"ARISE control Risk Appetite and Tolerance (GOVERN) maps to Art. 9.2 - Hazard Identification of prEN 18228, which covers system-artifact level AI risk management including hazard identification, risk estimation, risk control selection, and residual risk review. 6 of 7 requirements demonstrate direct keyword alignment to this standard: G.RM-02-req-01 (Risk-Appetite Statement: Board-approved residual risk thresholds.) -- matched terms: appetite, residual, risk"
G.RM-03,Art. 9.2 - Hazard Identification,"ARISE control Risk Management Program: AI (GOVERN) maps to Art. 9.2 - Hazard Identification of prEN 18228, which covers system-artifact level AI risk management including hazard identification, risk estimation, risk control selection, and residual risk review. 6 of 10 requirements demonstrate direct keyword alignment to this standard: G.RM-03-req-01 (AI Risk Framework: Ethical, technical, data, security, regulatory, societal.) -- matched terms: risk"
G.RM-04,Art. 9.2 - Hazard Identification,"ARISE control Risk-Management Program: Cybersecurity (GOVERN) maps to Art. 9.2 - Hazard Identification of prEN 18228, which covers system-artifact level AI risk management including hazard identification, risk estimation, risk control selection, and residual risk review. 6 of 10 requirements demonstrate direct keyword alignment to this standard: G.RM-04-req-01 (Vulnerability Management: Automated scanning + manual testing with SLAs.) -- matched terms: vulnerability"
G.RM-05,Art. 9.2 - Hazard Identification,"ARISE control Risk-Management Program: Third-Party (GOVERN) maps to Art. 9.2 - Hazard Identification of prEN 18228, which covers system-artifact level AI risk management including hazard identification, risk estimation, risk control selection, and residual risk review. 1 of 9 requirements demonstrate direct keyword alignment to this standard: G.RM-05-req-09 (Concentration & Fourth-Party Risk: Map Fourth Parties (your vendor's vendors) to identify concentration risk (e.g., 80% of critical vendors rely on a single cloud region or AI model).) -- matched terms: risk. These requirements substantively address prEN 18228 obligations at the individual requirement level, confirming strong traceability."
G.ST.B,Art. 9.1 - Risk Management Process,"ARISE control System Boundaries (GOVERN) maps to Art. 9.1 - Risk Management Process of prEN 18228, which covers system-artifact level AI risk management including hazard identification, risk estimation, risk control selection, and residual risk review. The control addresses: Establish precise technical/physical boundaries and interfaces so controls can be correctly applied, tested, and audited.. None of the 6 individual requirements contain explicit keyword matches to prEN 18228 terminology. The mapping is established at the control level based on overall subject matter and domain alignment. This represents a traceability gap at the requirement level -- consider adding explicit prEN 18228 language to one or more requirements to strengthen direct traceability."
G.ST.O-01,Art. 9.2 - Hazard Identification,"ARISE control Mission Statement (GOVERN) maps to Art. 9.2 - Hazard Identification of prEN 18228, which covers system-artifact level AI risk management including hazard identification, risk estimation, risk control selection, and residual risk review. The control addresses: Define and communicate the organization’s purpose and mission so that all security, privacy, resilience, and AI governance activities are clearly aligned to the value the organization delivers and the risks it accepts.. None of the 7 individual requirements contain explicit keyword matches to prEN 18228 terminology. The mapping is established at the control level based on overall subject matter and domain alignment. This represents a traceability gap at the requirement level -- consider adding explicit prEN 18228 language to one or more requirements to strengthen direct traceability."
G.ST.O-02,Art. 9.2 - Hazard Identification,"ARISE control Goals & Context (GOVERN) maps to Art. 9.2 - Hazard Identification of prEN 18228, which covers system-artifact level AI risk management including hazard identification, risk estimation, risk control selection, and residual risk review. 2 of 6 requirements demonstrate direct keyword alignment to this standard: G.ST.O-02-req-1 (Context Analysis: Document internal (culture/tech) and external (threat/legal) factors.) -- matched terms: threat"
G.ST.S-01,Art. 9.2 - Hazard Identification,"ARISE control AI Scope (GOVERN) maps to Art. 9.2 - Hazard Identification of prEN 18228, which covers system-artifact level AI risk management including hazard identification, risk estimation, risk control selection, and residual risk review. 3 of 6 requirements demonstrate direct keyword alignment to this standard: G.ST.S-01-req-2 (Risk Categorization: Classify by risk tier (minimal/limited/high) based on impact, context, and potential harms.) -- matched terms: impact, risk"
G.ST.S-02,Art. 9.2 - Hazard Identification,"ARISE control Security Scope (GOVERN) maps to Art. 9.2 - Hazard Identification of prEN 18228, which covers system-artifact level AI risk management including hazard identification, risk estimation, risk control selection, and residual risk review. 2 of 6 requirements demonstrate direct keyword alignment to this standard: G.ST.S-02-req-02 (Protection Baselines: Specify baseline controls per asset class and risk tier (e.g., All High-Risk Data requires Encryption + MFA).) -- matched terms: risk"
G.ST.S-03,Art. 9.1 - Risk Management Process,"ARISE control Regulatory Scope (GOVERN) maps to Art. 9.1 - Risk Management Process of prEN 18228, which covers system-artifact level AI risk management including hazard identification, risk estimation, risk control selection, and residual risk review. The control addresses: Determine applicable legal, contractual, and customer requirements and ensure the management system addresses them.. None of the 5 individual requirements contain explicit keyword matches to prEN 18228 terminology. The mapping is established at the control level based on overall subject matter and domain alignment. This represents a traceability gap at the requirement level -- consider adding explicit prEN 18228 language to one or more requirements to strengthen direct traceability."
M.CM,Art. 9.2 - Hazard Identification,"ARISE control Change Management (MANAGE) maps to Art. 9.2 - Hazard Identification of prEN 18228, which covers system-artifact level AI risk management including hazard identification, risk estimation, risk control selection, and residual risk review. 1 of 8 requirements demonstrate direct keyword alignment to this standard: M.CM-req-05 (Risk Evaluation: Classify changes (standard, normal, emergency) with defined approval chains.) -- matched terms: risk. These requirements substantively address prEN 18228 obligations at the individual requirement level, confirming strong traceability."
M.DV-01,Art. 9.1 - Risk Management Process,"ARISE control AI System Lifecycle (MANAGE) maps to Art. 9.1 - Risk Management Process of prEN 18228, which covers system-artifact level AI risk management including hazard identification, risk estimation, risk control selection, and residual risk review. 1 of 8 requirements demonstrate direct keyword alignment to this standard: M.DV-01-req-02 (Intake Forms & Risk Evaluation: Mandate intake forms with ethical-risk evaluation.) -- matched terms: risk. These requirements substantively address prEN 18228 obligations at the individual requirement level, confirming strong traceability."
M.DV-02,Art. 9.1 - Risk Management Process,"ARISE control Software Development Lifecycle (SDLC) (MANAGE) maps to Art. 9.1 - Risk Management Process of prEN 18228, which covers system-artifact level AI risk management including hazard identification, risk estimation, risk control selection, and residual risk review. 1 of 7 requirements demonstrate direct keyword alignment to this standard: M.DV-02-req-04 (Require threat modeling and security testing (SAST, DAST, IAST).) -- matched terms: threat. These requirements substantively address prEN 18228 obligations at the individual requirement level, confirming strong traceability."
M.HR,Art. 9.1 - Risk Management Process,"ARISE control Human Resources (MANAGE) maps to Art. 9.1 - Risk Management Process of prEN 18228, which covers system-artifact level AI risk management including hazard identification, risk estimation, risk control selection, and residual risk review. 2 of 7 requirements demonstrate direct keyword alignment to this standard: M.HR-req-01 (Pre-Hire Screening: Conduct background checks proportionate to job risk.) -- matched terms: risk"
M.OV-01,Art. 9.1 - Risk Management Process,"ARISE control Ethics Oversight Committee (MANAGE) maps to Art. 9.1 - Risk Management Process of prEN 18228, which covers system-artifact level AI risk management including hazard identification, risk estimation, risk control selection, and residual risk review. 2 of 7 requirements demonstrate direct keyword alignment to this standard: M.OV-01-req-02 (Escalation Authority: Empower the committee to halt deployments pending resolution of ethical risk.) -- matched terms: risk"
M.OV-02,Art. 9.1 - Risk Management Process,"ARISE control Privacy Oversight Committee (MANAGE) maps to Art. 9.1 - Risk Management Process of prEN 18228, which covers system-artifact level AI risk management including hazard identification, risk estimation, risk control selection, and residual risk review. 3 of 7 requirements demonstrate direct keyword alignment to this standard: M.OV-02-req-02 (Review of PIAs/DPIAs: Approve privacy risk assessments and impact assessments for new systems.) -- matched terms: impact, risk"
M.OV-03,Art. 9.2 - Hazard Identification,"ARISE control Security Oversight Committee (MANAGE) maps to Art. 9.2 - Hazard Identification of prEN 18228, which covers system-artifact level AI risk management including hazard identification, risk estimation, risk control selection, and residual risk review. 3 of 7 requirements demonstrate direct keyword alignment to this standard: M.OV-03-req-02 (Review of KRIs/KPIs: Evaluate risk, vulnerability trends, patch metrics, and incident data.) -- matched terms: risk, vulnerability"
M.PM,Art. 9.2 - Hazard Identification,"ARISE control Performance Metrics (MANAGE) maps to Art. 9.2 - Hazard Identification of prEN 18228, which covers system-artifact level AI risk management including hazard identification, risk estimation, risk control selection, and residual risk review. 3 of 8 requirements demonstrate direct keyword alignment to this standard: M.PM-req-01 (KPI Framework — Define standardized KPIs and KRIs aligned with strategic goals and risk appetite (e.g., MTTD, patch compliance, AI model drift rate, bias index, data-loss incidents, control-audit pass rates).) -- matched terms: appetite, risk"
M.PR,Art. 9.1 - Risk Management Process,"ARISE control Privacy Program (MANAGE) maps to Art. 9.1 - Risk Management Process of prEN 18228, which covers system-artifact level AI risk management including hazard identification, risk estimation, risk control selection, and residual risk review. The control addresses: Operationalize day-to-day privacy management integrated with cybersecurity and AI governance.. None of the 8 individual requirements contain explicit keyword matches to prEN 18228 terminology. The mapping is established at the control level based on overall subject matter and domain alignment. This represents a traceability gap at the requirement level -- consider adding explicit prEN 18228 language to one or more requirements to strengthen direct traceability."
M.RM-01,Art. 9.2 - Hazard Identification,"ARISE control Third-Party Risk Management (MANAGE) maps to Art. 9.2 - Hazard Identification of prEN 18228, which covers system-artifact level AI risk management including hazard identification, risk estimation, risk control selection, and residual risk review. 3 of 9 requirements demonstrate direct keyword alignment to this standard: M.RM-01-req-01 (Vendor Classification: Categorize vendors by criticality, data access, and AI system impact.) -- matched terms: impact"
M.RM-02,Art. 9.3 - Risk Estimation & Control,"ARISE control AI Risk Management (MANAGE) maps to Art. 9.3 - Risk Estimation & Control of prEN 18228, which covers system-artifact level AI risk management including hazard identification, risk estimation, risk control selection, and residual risk review. 4 of 9 requirements demonstrate direct keyword alignment to this standard: M.RM-02-req-01 (AI Risk Framework — Define risk categories spanning ethical, technical, security, privacy, and societal impact considerations.) -- matched terms: impact, risk"
M.RM-03,Art. 9.2 - Hazard Identification,"ARISE control Cybersecurity Risk Management (MANAGE) maps to Art. 9.2 - Hazard Identification of prEN 18228, which covers system-artifact level AI risk management including hazard identification, risk estimation, risk control selection, and residual risk review. 8 of 9 requirements demonstrate direct keyword alignment to this standard: M.RM-03-req-01 (Vulnerability Identification: Use automated scanning (SAST/DAST/SCA/IaC), penetration testing, and red-team exercises.) -- matched terms: vulnerability"
M.RP,Art. 9.2 - Hazard Identification,"ARISE control Reporting (MANAGE) maps to Art. 9.2 - Hazard Identification of prEN 18228, which covers system-artifact level AI risk management including hazard identification, risk estimation, risk control selection, and residual risk review. 2 of 8 requirements demonstrate direct keyword alignment to this standard: M.RP-req-01 (Escalation Procedures: Define immediate escalation thresholds for critical risks or noncompliance events.) -- matched terms: risk"
I.AM-01,Art. 9.2 - Hazard Identification,"ARISE control AI System Inventory (IDENTIFY) maps to Art. 9.2 - Hazard Identification of prEN 18228, which covers system-artifact level AI risk management including hazard identification, risk estimation, risk control selection, and residual risk review. 3 of 10 requirements demonstrate direct keyword alignment to this standard: I.AM-01-req-03 (Minimum Metadata: Capture system name/ID, purpose/intended use, prohibited use, risk tier, business criticality, owners, data categories/rights/license, training/inference data sources, model family, versions, hyperparameters, lineage, fine-tune history, evaluation metrics, deployment targets, endpoints, dependencies (libraries/models/APIs), and support/SLA.) -- matched terms: risk"
I.AM-02,Art. 9.1 - Risk Management Process,"ARISE control System Asset Management (IDENTIFY) maps to Art. 9.1 - Risk Management Process of prEN 18228, which covers system-artifact level AI risk management including hazard identification, risk estimation, risk control selection, and residual risk review. 2 of 9 requirements demonstrate direct keyword alignment to this standard: I.AM-02-req-04 (Security Posture Linkage: Link assets to vulnerability scanners, EDR/XDR, compliance baselines, and patch telemetry for reconciliation.) -- matched terms: vulnerability"
I.AM-03,Art. 9.2 - Hazard Identification,"ARISE control BYOD Asset Management (IDENTIFY) maps to Art. 9.2 - Hazard Identification of prEN 18228, which covers system-artifact level AI risk management including hazard identification, risk estimation, risk control selection, and residual risk review. 2 of 7 requirements demonstrate direct keyword alignment to this standard: I.AM-03-req-04 (App Controls: Allow-list corporate apps; block sideloaded high-risk apps; restrict local storage of model artifacts.) -- matched terms: risk"
I.DG-01,Art. 9.1 - Risk Management Process,"ARISE control Data Mapping (IDENTIFY) maps to Art. 9.1 - Risk Management Process of prEN 18228, which covers system-artifact level AI risk management including hazard identification, risk estimation, risk control selection, and residual risk review. The control addresses: Document end-to-end data flows for collection, processing, storage, sharing, retention, and deletion—including AI training and inference—so controls can be applied precisely.. None of the 7 individual requirements contain explicit keyword matches to prEN 18228 terminology. The mapping is established at the control level based on overall subject matter and domain alignment. This represents a traceability gap at the requirement level -- consider adding explicit prEN 18228 language to one or more requirements to strengthen direct traceability."
I.IM-01,Art. 9.2 - Hazard Identification,"ARISE control AI Impacts (IDENTIFY) maps to Art. 9.2 - Hazard Identification of prEN 18228, which covers system-artifact level AI risk management including hazard identification, risk estimation, risk control selection, and residual risk review. 4 of 7 requirements demonstrate direct keyword alignment to this standard: I.IM-01-req-01 (Impact Assessment: Evaluate rights, discrimination, safety, economic, environmental, trust impacts.) -- matched terms: impact"
I.RM-01,Art. 9.2 - Hazard Identification,"ARISE control Risk Identification (IDENTIFY) maps to Art. 9.2 - Hazard Identification of prEN 18228, which covers system-artifact level AI risk management including hazard identification, risk estimation, risk control selection, and residual risk review. 5 of 5 requirements demonstrate direct keyword alignment to this standard: I.RM-01-req-01 (Classification: Standardize likelihood/impact scales and KRIs.) -- matched terms: impact, likelihood"
I.RM-02,Art. 9.2 - Hazard Identification,"ARISE control Insider Threat (IDENTIFY) maps to Art. 9.2 - Hazard Identification of prEN 18228, which covers system-artifact level AI risk management including hazard identification, risk estimation, risk control selection, and residual risk review. 4 of 7 requirements demonstrate direct keyword alignment to this standard: I.RM-02-req-01 (Establish insider threat program with HR, Security, Legal oversight.) -- matched terms: threat"
I.SC-01,Art. 9.2 - Hazard Identification,"ARISE control Supply Chain Risk (IDENTIFY) maps to Art. 9.2 - Hazard Identification of prEN 18228, which covers system-artifact level AI risk management including hazard identification, risk estimation, risk control selection, and residual risk review. 2 of 7 requirements demonstrate direct keyword alignment to this standard: I.SC-01-req-03 (Assurance Inputs: Require SBOM/MBOM, provenance, vulnerability disclosures.) -- matched terms: vulnerability"
I.TH-01,Art. 9.1 - Risk Management Process,"ARISE control Security Thresholds (IDENTIFY) maps to Art. 9.1 - Risk Management Process of prEN 18228, which covers system-artifact level AI risk management including hazard identification, risk estimation, risk control selection, and residual risk review. The control addresses: Define alarm thresholds and decision criteria for security events to ensure timely, consistent response.. None of the 6 individual requirements contain explicit keyword matches to prEN 18228 terminology. The mapping is established at the control level based on overall subject matter and domain alignment. This represents a traceability gap at the requirement level -- consider adding explicit prEN 18228 language to one or more requirements to strengthen direct traceability."
I.TH-02,Art. 9.1 - Risk Management Process,"ARISE control AI Operational Thresholds (IDENTIFY) maps to Art. 9.1 - Risk Management Process of prEN 18228, which covers system-artifact level AI risk management including hazard identification, risk estimation, risk control selection, and residual risk review. The control addresses: Define measurable thresholds for AI performance, fairness, drift, safety, and explainability, with rollback and HITL criteria.. None of the 6 individual requirements contain explicit keyword matches to prEN 18228 terminology. The mapping is established at the control level based on overall subject matter and domain alignment. This represents a traceability gap at the requirement level -- consider adding explicit prEN 18228 language to one or more requirements to strengthen direct traceability."
I.TM-01,Art. 9.2 - Hazard Identification,"ARISE control Threat Management (IDENTIFY) maps to Art. 9.2 - Hazard Identification of prEN 18228, which covers system-artifact level AI risk management including hazard identification, risk estimation, risk control selection, and residual risk review. 4 of 9 requirements demonstrate direct keyword alignment to this standard: I.TM-01-req-01 (Threat Library: Maintain catalog including AI-specific vectors.) -- matched terms: threat"
P.AC.M-01,Art. 9.3 - Risk Estimation & Control,"ARISE control Bias (PROTECT) maps to Art. 9.3 - Risk Estimation & Control of prEN 18228, which covers system-artifact level AI risk management including hazard identification, risk estimation, risk control selection, and residual risk review. 1 of 7 requirements demonstrate direct keyword alignment to this standard: P.AC.M-01-req-03 (Fairness evaluation and documented results pre-production for risk-bearing models.) -- matched terms: risk. These requirements substantively address prEN 18228 obligations at the individual requirement level, confirming strong traceability."
P.AC.M-02,Art. 9 - AI Risk Management,"ARISE control Robustness (PROTECT) maps to Art. 9 - AI Risk Management of prEN 18228, which covers system-artifact level AI risk management including hazard identification, risk estimation, risk control selection, and residual risk review. The control addresses: Ensure models withstand distribution shift and adversarial conditions; enable predictable fail-safe behavior.. None of the 6 individual requirements contain explicit keyword matches to prEN 18228 terminology. The mapping is established at the control level based on overall subject matter and domain alignment. This represents a traceability gap at the requirement level -- consider adding explicit prEN 18228 language to one or more requirements to strengthen direct traceability."
P.AC.M-03,Art. 9 - AI Risk Management,"ARISE control Explainability (PROTECT) maps to Art. 9 - AI Risk Management of prEN 18228, which covers system-artifact level AI risk management including hazard identification, risk estimation, risk control selection, and residual risk review. 1 of 6 requirements demonstrate direct keyword alignment to this standard: P.AC.M-03-req-04 (Documentation & Disclosure: Explanation method documented for each production model; user-appropriate disclosures for high-impact use.) -- matched terms: impact. These requirements substantively address prEN 18228 obligations at the individual requirement level, confirming strong traceability."
P.AC.S-01,Art. 9 - AI Risk Management,"ARISE control Datasets & Tagging (PROTECT) maps to Art. 9 - AI Risk Management of prEN 18228, which covers system-artifact level AI risk management including hazard identification, risk estimation, risk control selection, and residual risk review. The control addresses: Protect training/inference data integrity and lawful use through provenance, licensing, sensitivity labeling, and integrity controls.. None of the 7 individual requirements contain explicit keyword matches to prEN 18228 terminology. The mapping is established at the control level based on overall subject matter and domain alignment. This represents a traceability gap at the requirement level -- consider adding explicit prEN 18228 language to one or more requirements to strengthen direct traceability."
P.AC.S-02,Art. 9 - AI Risk Management,"ARISE control AI-Specific Attack Vectors (PROTECT) maps to Art. 9 - AI Risk Management of prEN 18228, which covers system-artifact level AI risk management including hazard identification, risk estimation, risk control selection, and residual risk review. 2 of 8 requirements demonstrate direct keyword alignment to this standard: P.AC.S-02-req-02 (Rate-Limit & Abuse Prevention: Per-tenant throttles; high-risk pattern detection; honeypot prompts/canaries.) -- matched terms: risk"
P.AT-01,Art. 9 - AI Risk Management,"ARISE control AI Training (PROTECT) maps to Art. 9 - AI Risk Management of prEN 18228, which covers system-artifact level AI risk management including hazard identification, risk estimation, risk control selection, and residual risk review. 1 of 7 requirements demonstrate direct keyword alignment to this standard: P.AT-01-req-06 (Just-in-Time (JIT) Awareness Prompts: Implement contextual, in-application reminders or warnings that appear when users or developers are performing high-risk actions (e.g., uploading data to a public LLM or modifying a model's safety weights).) -- matched terms: risk. These requirements substantively address prEN 18228 obligations at the individual requirement level, confirming strong traceability."
P.AT-02,Art. 9.2 - Hazard Identification,"ARISE control Cybersecurity Training (PROTECT) maps to Art. 9.2 - Hazard Identification of prEN 18228, which covers system-artifact level AI risk management including hazard identification, risk estimation, risk control selection, and residual risk review. 2 of 5 requirements demonstrate direct keyword alignment to this standard: P.AT-02-req-02 (Specialized Roles: Admins, developers, and analysts receive advanced modules (secure coding, threat detection, forensic handling).) -- matched terms: threat"
P.AT-03,Art. 9.2 - Hazard Identification,"ARISE control Governance Training (PROTECT) maps to Art. 9.2 - Hazard Identification of prEN 18228, which covers system-artifact level AI risk management including hazard identification, risk estimation, risk control selection, and residual risk review. 1 of 6 requirements demonstrate direct keyword alignment to this standard: P.AT-03-req-02 (Leadership Workshops: Annual sessions covering governance roles, risk appetite, audit responsibilities, and regulatory trends.) -- matched terms: appetite, risk. These requirements substantively address prEN 18228 obligations at the individual requirement level, confirming strong traceability."
P.DS-01,Art. 9 - AI Risk Management,"ARISE control Classification & Handling (PROTECT) maps to Art. 9 - AI Risk Management of prEN 18228, which covers system-artifact level AI risk management including hazard identification, risk estimation, risk control selection, and residual risk review. The control addresses: Safeguard organizational and AI-related data through classification, labeling, and handling protocols aligned with sensitivity and regulatory requirements.. None of the 8 individual requirements contain explicit keyword matches to prEN 18228 terminology. The mapping is established at the control level based on overall subject matter and domain alignment. This represents a traceability gap at the requirement level -- consider adding explicit prEN 18228 language to one or more requirements to strengthen direct traceability."
P.DS-02,Art. 9 - AI Risk Management,"ARISE control Cryptographic Management (PROTECT) maps to Art. 9 - AI Risk Management of prEN 18228, which covers system-artifact level AI risk management including hazard identification, risk estimation, risk control selection, and residual risk review. The control addresses: Ensure confidentiality, integrity, and authenticity of data and AI models through modern, approved cryptographic controls.. None of the 6 individual requirements contain explicit keyword matches to prEN 18228 terminology. The mapping is established at the control level based on overall subject matter and domain alignment. This represents a traceability gap at the requirement level -- consider adding explicit prEN 18228 language to one or more requirements to strengthen direct traceability."
P.ES,Art. 9 - AI Risk Management,"ARISE control Endpoint Security (PROTECT) maps to Art. 9 - AI Risk Management of prEN 18228, which covers system-artifact level AI risk management including hazard identification, risk estimation, risk control selection, and residual risk review. 1 of 9 requirements demonstrate direct keyword alignment to this standard: P.ES-req-03 (Patch & Vulnerability: OS and third-party patching ≤ 14 days for critical; agent enforcement; vulnerability scanning and risk-based remediation.) -- matched terms: risk, vulnerability. These requirements substantively address prEN 18228 obligations at the individual requirement level, confirming strong traceability."
P.IM,Art. 9 - AI Risk Management,"ARISE control Identity Management (PROTECT) maps to Art. 9 - AI Risk Management of prEN 18228, which covers system-artifact level AI risk management including hazard identification, risk estimation, risk control selection, and residual risk review. 1 of 10 requirements demonstrate direct keyword alignment to this standard: P.IM-req-02 (Authentication Controls: Enforce MFA for all privileged and remote access; require adaptive or risk-based authentication for critical systems.) -- matched terms: risk. These requirements substantively address prEN 18228 obligations at the individual requirement level, confirming strong traceability."
P.NS,Art. 9 - AI Risk Management,"ARISE control Network Security (PROTECT) maps to Art. 9 - AI Risk Management of prEN 18228, which covers system-artifact level AI risk management including hazard identification, risk estimation, risk control selection, and residual risk review. The control addresses: Design and enforce Zero-Trust network architecture that prevents lateral movement, detects exfiltration, and protects AI workloads, APIs, and data paths.. None of the 7 individual requirements contain explicit keyword matches to prEN 18228 terminology. The mapping is established at the control level based on overall subject matter and domain alignment. This represents a traceability gap at the requirement level -- consider adding explicit prEN 18228 language to one or more requirements to strengthen direct traceability."
P.PC,Art. 9 - AI Risk Management,"ARISE control Privacy Controls (PROTECT) maps to Art. 9 - AI Risk Management of prEN 18228, which covers system-artifact level AI risk management including hazard identification, risk estimation, risk control selection, and residual risk review. The control addresses: Protect personal and sensitive information by embedding privacy-enhancing technologies and governance in all systems.. None of the 7 individual requirements contain explicit keyword matches to prEN 18228 terminology. The mapping is established at the control level based on overall subject matter and domain alignment. This represents a traceability gap at the requirement level -- consider adding explicit prEN 18228 language to one or more requirements to strengthen direct traceability."
P.PS,Art. 9 - AI Risk Management,"ARISE control Platform Security (PROTECT) maps to Art. 9 - AI Risk Management of prEN 18228, which covers system-artifact level AI risk management including hazard identification, risk estimation, risk control selection, and residual risk review. 1 of 8 requirements demonstrate direct keyword alignment to this standard: P.PS-req-02 (Model Security & Vulnerability Management: Signed model artifacts; integrity verification on pull; continuous scanning of images and clusters; admission control.) -- matched terms: vulnerability. These requirements substantively address prEN 18228 obligations at the individual requirement level, confirming strong traceability."
P.PY-01,Art. 9 - AI Risk Management,"ARISE control Access Controls (PROTECT) maps to Art. 9 - AI Risk Management of prEN 18228, which covers system-artifact level AI risk management including hazard identification, risk estimation, risk control selection, and residual risk review. The control addresses: Prevent unauthorized physical access to facilities, secure areas, and media.. None of the 4 individual requirements contain explicit keyword matches to prEN 18228 terminology. The mapping is established at the control level based on overall subject matter and domain alignment. This represents a traceability gap at the requirement level -- consider adding explicit prEN 18228 language to one or more requirements to strengthen direct traceability."
P.PY-02,Art. 9.3 - Risk Estimation & Control,"ARISE control Environment Controls (PROTECT) maps to Art. 9.3 - Risk Estimation & Control of prEN 18228, which covers system-artifact level AI risk management including hazard identification, risk estimation, risk control selection, and residual risk review. The control addresses: Protect assets against environmental hazards and facility failures.. None of the 4 individual requirements contain explicit keyword matches to prEN 18228 terminology. The mapping is established at the control level based on overall subject matter and domain alignment. This represents a traceability gap at the requirement level -- consider adding explicit prEN 18228 language to one or more requirements to strengthen direct traceability."
P.PY-03,Art. 9 - AI Risk Management,"ARISE control Safety & Security (PROTECT) maps to Art. 9 - AI Risk Management of prEN 18228, which covers system-artifact level AI risk management including hazard identification, risk estimation, risk control selection, and residual risk review. 1 of 4 requirements demonstrate direct keyword alignment to this standard: P.PY-03-req-04 (Coordinated Emergency Power-Off (EPO): Install accessible and clearly labeled emergency power-off systems for high-density AI compute clusters, integrated with fire suppression and evacuation signaling to prevent electrical hazards during a facility incident.) -- matched terms: hazard. These requirements substantively address prEN 18228 obligations at the individual requirement level, confirming strong traceability."
P.RC,Art. 9 - AI Risk Management,"ARISE control Resilience Controls (PROTECT) maps to Art. 9 - AI Risk Management of prEN 18228, which covers system-artifact level AI risk management including hazard identification, risk estimation, risk control selection, and residual risk review. The control addresses: Engineer systems and AI workloads to resist, absorb, recover, and adapt to disruptive events, ensuring graceful degradation and mission continuity.. None of the 10 individual requirements contain explicit keyword matches to prEN 18228 terminology. The mapping is established at the control level based on overall subject matter and domain alignment. This represents a traceability gap at the requirement level -- consider adding explicit prEN 18228 language to one or more requirements to strengthen direct traceability."
P.RP-01,Art. 9 - AI Risk Management,"ARISE control Business Continuity (PROTECT) maps to Art. 9 - AI Risk Management of prEN 18228, which covers system-artifact level AI risk management including hazard identification, risk estimation, risk control selection, and residual risk review. The control addresses: Maintain continuity of critical services through BIA-driven strategies, manual workarounds, and communications.. None of the 6 individual requirements contain explicit keyword matches to prEN 18228 terminology. The mapping is established at the control level based on overall subject matter and domain alignment. This represents a traceability gap at the requirement level -- consider adding explicit prEN 18228 language to one or more requirements to strengthen direct traceability."
P.RP-02,Art. 9 - AI Risk Management,"ARISE control Disaster Recovery (PROTECT) maps to Art. 9 - AI Risk Management of prEN 18228, which covers system-artifact level AI risk management including hazard identification, risk estimation, risk control selection, and residual risk review. The control addresses: Restore systems, data, and AI pipelines to defined target RTO/RPO using immutable backups and tested restore procedures.. None of the 6 individual requirements contain explicit keyword matches to prEN 18228 terminology. The mapping is established at the control level based on overall subject matter and domain alignment. This represents a traceability gap at the requirement level -- consider adding explicit prEN 18228 language to one or more requirements to strengthen direct traceability."
P.SC,Art. 9 - AI Risk Management,"ARISE control Supply Chain (PROTECT) maps to Art. 9 - AI Risk Management of prEN 18228, which covers system-artifact level AI risk management including hazard identification, risk estimation, risk control selection, and residual risk review. 1 of 7 requirements demonstrate direct keyword alignment to this standard: P.SC-req-01 (Intake & Vetting: Security/legal review; license compliance; provenance validation; risk scoring.) -- matched terms: risk. These requirements substantively address prEN 18228 obligations at the individual requirement level, confirming strong traceability."
P.SD,Art. 9 - AI Risk Management,"ARISE control Secure Development (PROTECT) maps to Art. 9 - AI Risk Management of prEN 18228, which covers system-artifact level AI risk management including hazard identification, risk estimation, risk control selection, and residual risk review. 3 of 10 requirements demonstrate direct keyword alignment to this standard: P.SD-req-03 (Threat Modeling: Required at design; include AI-specific abuse, data leakage, model theft.) -- matched terms: threat"
D.AD,Art. 9.2 - Hazard Identification,"ARISE control Anomaly Detection (DETECT) maps to Art. 9.2 - Hazard Identification of prEN 18228, which covers system-artifact level AI risk management including hazard identification, risk estimation, risk control selection, and residual risk review. 1 of 6 requirements demonstrate direct keyword alignment to this standard: D.AD-req-06 (Detection Methods: Use ML, rules, and heuristics to identify anomalies and ethical risks (e.g., bias shifts).) -- matched terms: risk. These requirements substantively address prEN 18228 obligations at the individual requirement level, confirming strong traceability."
D.CM,Art. 9 - AI Risk Management,"ARISE control Continuous Monitoring (DETECT) maps to Art. 9 - AI Risk Management of prEN 18228, which covers system-artifact level AI risk management including hazard identification, risk estimation, risk control selection, and residual risk review. 1 of 8 requirements demonstrate direct keyword alignment to this standard: D.CM-req-07 (Downstream Impact Monitoring: Monitor for unexpected spikes in negative real-world outcomes (e.g., disproportionate denials, safety reports, or legal inquiries) to detect model failures that internal statistical metrics may fail to capture.) -- matched terms: impact. These requirements substantively address prEN 18228 obligations at the individual requirement level, confirming strong traceability."
D.ID,Art. 9 - AI Risk Management,"ARISE control IOC Detection (DETECT) maps to Art. 9 - AI Risk Management of prEN 18228, which covers system-artifact level AI risk management including hazard identification, risk estimation, risk control selection, and residual risk review. 2 of 7 requirements demonstrate direct keyword alignment to this standard: D.ID-req-01 (IOC Feed Integration: Subscribe to authoritative feeds (ISACs, threat intel services).) -- matched terms: threat"
D.IM,Art. 9.2 - Hazard Identification,"ARISE control Incident Management (DETECT) maps to Art. 9.2 - Hazard Identification of prEN 18228, which covers system-artifact level AI risk management including hazard identification, risk estimation, risk control selection, and residual risk review. The control addresses: Ensure rapid identification, containment, analysis, and recovery from security and AI-related incidents to reduce impact and recurrence.. None of the 6 individual requirements contain explicit keyword matches to prEN 18228 terminology. The mapping is established at the control level based on overall subject matter and domain alignment. This represents a traceability gap at the requirement level -- consider adding explicit prEN 18228 language to one or more requirements to strengthen direct traceability."
D.MT,Art. 9.2 - Hazard Identification,"ARISE control Monitor Third Parties (DETECT) maps to Art. 9.2 - Hazard Identification of prEN 18228, which covers system-artifact level AI risk management including hazard identification, risk estimation, risk control selection, and residual risk review. 2 of 6 requirements demonstrate direct keyword alignment to this standard: D.MT-req-03 (Continuous Monitoring: Use automated tools for vendor security scoring and public vulnerability monitoring.) -- matched terms: vulnerability"
D.SA-01,Art. 9 - AI Risk Management,"ARISE control Performing Security Assessments (DETECT) maps to Art. 9 - AI Risk Management of prEN 18228, which covers system-artifact level AI risk management including hazard identification, risk estimation, risk control selection, and residual risk review. 2 of 6 requirements demonstrate direct keyword alignment to this standard: D.SA-01-req-03 (Fully Documented Testing Program: Conduct vulnerability, code(e.g., SAST, DAST, IAST, SCA...) tests.) -- matched terms: vulnerability"
D.SA-02,Art. 9 - AI Risk Management,"ARISE control Penetration Testing (DETECT) maps to Art. 9 - AI Risk Management of prEN 18228, which covers system-artifact level AI risk management including hazard identification, risk estimation, risk control selection, and residual risk review. The control addresses: Simulate adversarial attacks to evaluate system and model resilience.. None of the 6 individual requirements contain explicit keyword matches to prEN 18228 terminology. The mapping is established at the control level based on overall subject matter and domain alignment. This represents a traceability gap at the requirement level -- consider adding explicit prEN 18228 language to one or more requirements to strengthen direct traceability."
D.SA-03,Art. 9.2 - Hazard Identification,"ARISE control Vulnerability Testing (DETECT) maps to Art. 9.2 - Hazard Identification of prEN 18228, which covers system-artifact level AI risk management including hazard identification, risk estimation, risk control selection, and residual risk review. 2 of 7 requirements demonstrate direct keyword alignment to this standard: D.SA-03-req-03 (Execution: Conduct weekly automated vulnerability scans on all critical systems and identified AI infrastructure.) -- matched terms: vulnerability"
D.SA-04,Art. 9 - AI Risk Management,"ARISE control Tabletop Exercises (BCDR) (DETECT) maps to Art. 9 - AI Risk Management of prEN 18228, which covers system-artifact level AI risk management including hazard identification, risk estimation, risk control selection, and residual risk review. The control addresses: Test business continuity, disaster recovery, and incident response readiness through structured simulations.. None of the 7 individual requirements contain explicit keyword matches to prEN 18228 terminology. The mapping is established at the control level based on overall subject matter and domain alignment. This represents a traceability gap at the requirement level -- consider adding explicit prEN 18228 language to one or more requirements to strengthen direct traceability."
D.SA-05,Art. 9 - AI Risk Management,"ARISE control Code Scanning (DETECT) maps to Art. 9 - AI Risk Management of prEN 18228, which covers system-artifact level AI risk management including hazard identification, risk estimation, risk control selection, and residual risk review. The control addresses: Ensure application and AI codebases are free from known security defects and insecure configurations.. None of the 8 individual requirements contain explicit keyword matches to prEN 18228 terminology. The mapping is established at the control level based on overall subject matter and domain alignment. This represents a traceability gap at the requirement level -- consider adding explicit prEN 18228 language to one or more requirements to strengthen direct traceability."
D.TI,Art. 9.2 - Hazard Identification,"ARISE control Threat Intelligence (DETECT) maps to Art. 9.2 - Hazard Identification of prEN 18228, which covers system-artifact level AI risk management including hazard identification, risk estimation, risk control selection, and residual risk review. 3 of 7 requirements demonstrate direct keyword alignment to this standard: D.TI-req-04 (Feedback Loop: Update risk register with new threat categories.) -- matched terms: risk, threat"
R.IC.E-01,Art. 9 - AI Risk Management,"ARISE control Regulatory Reporting (RESPOND) maps to Art. 9 - AI Risk Management of prEN 18228, which covers system-artifact level AI risk management including hazard identification, risk estimation, risk control selection, and residual risk review. The control addresses: Meet all regulatory breach-reporting requirements in time and content.. None of the 6 individual requirements contain explicit keyword matches to prEN 18228 terminology. The mapping is established at the control level based on overall subject matter and domain alignment. This represents a traceability gap at the requirement level -- consider adding explicit prEN 18228 language to one or more requirements to strengthen direct traceability."
R.IC.E-02,Art. 9 - AI Risk Management,"ARISE control Law Enforcement Partners (RESPOND) maps to Art. 9 - AI Risk Management of prEN 18228, which covers system-artifact level AI risk management including hazard identification, risk estimation, risk control selection, and residual risk review. The control addresses: Engage relevant authorities promptly when criminal or nation-state activity is suspected.. None of the 6 individual requirements contain explicit keyword matches to prEN 18228 terminology. The mapping is established at the control level based on overall subject matter and domain alignment. This represents a traceability gap at the requirement level -- consider adding explicit prEN 18228 language to one or more requirements to strengthen direct traceability."
R.IC.E-03,Art. 9.2 - Hazard Identification,"ARISE control Information-Sharing Communities (RESPOND) maps to Art. 9.2 - Hazard Identification of prEN 18228, which covers system-artifact level AI risk management including hazard identification, risk estimation, risk control selection, and residual risk review. 2 of 6 requirements demonstrate direct keyword alignment to this standard: R.IC.E-03-req-02 (Data Validation: Share only validated and non-sensitive threat data (IOCs, TTPs) to prevent false alarms or privacy leaks.) -- matched terms: threat"
R.IC.E-04,Art. 9 - AI Risk Management,"ARISE control Privacy Notification Requirements (RESPOND) maps to Art. 9 - AI Risk Management of prEN 18228, which covers system-artifact level AI risk management including hazard identification, risk estimation, risk control selection, and residual risk review. The control addresses: Notify affected individuals per legal and contractual obligations following a verified data breach.. None of the 6 individual requirements contain explicit keyword matches to prEN 18228 terminology. The mapping is established at the control level based on overall subject matter and domain alignment. This represents a traceability gap at the requirement level -- consider adding explicit prEN 18228 language to one or more requirements to strengthen direct traceability."
R.IC.I-01,Art. 9 - AI Risk Management,"ARISE control Personnel (RESPOND) maps to Art. 9 - AI Risk Management of prEN 18228, which covers system-artifact level AI risk management including hazard identification, risk estimation, risk control selection, and residual risk review. The control addresses: Inform affected teams during incidents; distribute internal guidance and FAQs to prevent misinformation and streamline remediation.. None of the 7 individual requirements contain explicit keyword matches to prEN 18228 terminology. The mapping is established at the control level based on overall subject matter and domain alignment. This represents a traceability gap at the requirement level -- consider adding explicit prEN 18228 language to one or more requirements to strengthen direct traceability."
R.IC.I-02,Art. 9.2 - Hazard Identification,"ARISE control Top Management (RESPOND) maps to Art. 9.2 - Hazard Identification of prEN 18228, which covers system-artifact level AI risk management including hazard identification, risk estimation, risk control selection, and residual risk review. 3 of 7 requirements demonstrate direct keyword alignment to this standard: R.IC.I-02-req-01 (Briefing Content: Summarize incident scope, regulatory exposure, and reputational impact.) -- matched terms: impact"
R.IC.I-03,Art. 9 - AI Risk Management,"ARISE control Incident Response Team (RESPOND) maps to Art. 9 - AI Risk Management of prEN 18228, which covers system-artifact level AI risk management including hazard identification, risk estimation, risk control selection, and residual risk review. The control addresses: Maintain synchronized internal communication during active incidents with a single source of truth.. None of the 7 individual requirements contain explicit keyword matches to prEN 18228 terminology. The mapping is established at the control level based on overall subject matter and domain alignment. This represents a traceability gap at the requirement level -- consider adding explicit prEN 18228 language to one or more requirements to strengthen direct traceability."
R.IC.P,Art. 9.2 - Hazard Identification,"ARISE control Public Updates / Disclosures (RESPOND) maps to Art. 9.2 - Hazard Identification of prEN 18228, which covers system-artifact level AI risk management including hazard identification, risk estimation, risk control selection, and residual risk review. 1 of 7 requirements demonstrate direct keyword alignment to this standard: R.IC.P-req-02 (Legal & Risk Review: All communications undergo Legal, Risk, and Executive review prior to release to ensure accuracy and limit liability.) -- matched terms: risk. These requirements substantively address prEN 18228 obligations at the individual requirement level, confirming strong traceability."
R.IC.R,Art. 9 - AI Risk Management,"ARISE control Recovery Activity & Restoration (RESPOND) maps to Art. 9 - AI Risk Management of prEN 18228, which covers system-artifact level AI risk management including hazard identification, risk estimation, risk control selection, and residual risk review. The control addresses: Provide partners and customers timely updates about service restoration and remediation status.. None of the 6 individual requirements contain explicit keyword matches to prEN 18228 terminology. The mapping is established at the control level based on overall subject matter and domain alignment. This represents a traceability gap at the requirement level -- consider adding explicit prEN 18228 language to one or more requirements to strengthen direct traceability."
R.IM-01,Art. 9.2 - Hazard Identification,"ARISE control Containment (RESPOND) maps to Art. 9.2 - Hazard Identification of prEN 18228, which covers system-artifact level AI risk management including hazard identification, risk estimation, risk control selection, and residual risk review. 3 of 8 requirements demonstrate direct keyword alignment to this standard: R.IM-01-req-02 (Decision Authority: Define roles authorized for containment actions; require risk-based justification for critical system takedowns.) -- matched terms: risk"
R.IM-02,Art. 9 - AI Risk Management,"ARISE control Eradication (RESPOND) maps to Art. 9 - AI Risk Management of prEN 18228, which covers system-artifact level AI risk management including hazard identification, risk estimation, risk control selection, and residual risk review. 1 of 7 requirements demonstrate direct keyword alignment to this standard: R.IM-02-req-02 (Validation Tests: Run post-remediation scans, regression tests, and AI inference checks for residual anomalies.) -- matched terms: residual. These requirements substantively address prEN 18228 obligations at the individual requirement level, confirming strong traceability."
R.IM-03,Art. 9 - AI Risk Management,"ARISE control Disaster Recovery (RESPOND) maps to Art. 9 - AI Risk Management of prEN 18228, which covers system-artifact level AI risk management including hazard identification, risk estimation, risk control selection, and residual risk review. The control addresses: Recover systems and data from a clean, trusted state post-incident using verified, immutable backups.. None of the 6 individual requirements contain explicit keyword matches to prEN 18228 terminology. The mapping is established at the control level based on overall subject matter and domain alignment. This represents a traceability gap at the requirement level -- consider adding explicit prEN 18228 language to one or more requirements to strengthen direct traceability."
R.IM-04,Art. 9 - AI Risk Management,"ARISE control Business Continuity (RESPOND) maps to Art. 9 - AI Risk Management of prEN 18228, which covers system-artifact level AI risk management including hazard identification, risk estimation, risk control selection, and residual risk review. 1 of 6 requirements demonstrate direct keyword alignment to this standard: R.IM-04-req-05 (Performance Tracking: Monitor SLA impact and customer communication effectiveness during response.) -- matched terms: impact. These requirements substantively address prEN 18228 obligations at the individual requirement level, confirming strong traceability."
R.IR-01,Art. 9 - AI Risk Management,"ARISE control Incident Response: AI (RESPOND) maps to Art. 9 - AI Risk Management of prEN 18228, which covers system-artifact level AI risk management including hazard identification, risk estimation, risk control selection, and residual risk review. 2 of 10 requirements demonstrate direct keyword alignment to this standard: R.IR-01-req-06 (Communications & Notifications: Notify Ethics/Privacy Committees, CAIO, and impacted customers or regulators when required.) -- matched terms: impact"
R.IR-02,Art. 9.2 - Hazard Identification,"ARISE control Incident Response: Cybersecurity (RESPOND) maps to Art. 9.2 - Hazard Identification of prEN 18228, which covers system-artifact level AI risk management including hazard identification, risk estimation, risk control selection, and residual risk review. The control addresses: Coordinate technical response to cybersecurity incidents across infrastructure, endpoints, networks, applications, and third-party systems to limit impact and restore operations.. None of the 8 individual requirements contain explicit keyword matches to prEN 18228 terminology. The mapping is established at the control level based on overall subject matter and domain alignment. This represents a traceability gap at the requirement level -- consider adding explicit prEN 18228 language to one or more requirements to strengthen direct traceability."
R.IR-03,Art. 9 - AI Risk Management,"ARISE control Incident Response: Privacy (RESPOND) maps to Art. 9 - AI Risk Management of prEN 18228, which covers system-artifact level AI risk management including hazard identification, risk estimation, risk control selection, and residual risk review. 2 of 7 requirements demonstrate direct keyword alignment to this standard: R.IR-03-req-05 (Assessment & Escalation: Assess likelihood/severity of harm; escalate to Data Protection Officer and Legal for notification assessment.) -- matched terms: likelihood"
R.LL,Art. 9 - AI Risk Management,"ARISE control Incident Lessons Learned (RESPOND) maps to Art. 9 - AI Risk Management of prEN 18228, which covers system-artifact level AI risk management including hazard identification, risk estimation, risk control selection, and residual risk review. 1 of 6 requirements demonstrate direct keyword alignment to this standard: R.LL-req-05 (Integration to Risk & Training: Feed lessons into the risk register, policy updates, runbooks, and awareness training.) -- matched terms: risk. These requirements substantively address prEN 18228 obligations at the individual requirement level, confirming strong traceability."
V.AD-01,Art. 9.3 - Risk Estimation & Control,"ARISE control External Audit: AI Audit (VALIDATE) maps to Art. 9.3 - Risk Estimation & Control of prEN 18228, which covers system-artifact level AI risk management including hazard identification, risk estimation, risk control selection, and residual risk review. 1 of 6 requirements demonstrate direct keyword alignment to this standard: V.AD-01-req-01 (Formal external audit for high-risk portfolios or upon major regulatory changes.) -- matched terms: risk. These requirements substantively address prEN 18228 obligations at the individual requirement level, confirming strong traceability."
V.AD-02,Art. 9.4 - Residual Risk Review,"ARISE control External Audit: Security Audit (VALIDATE) maps to Art. 9.4 - Residual Risk Review of prEN 18228, which covers system-artifact level AI risk management including hazard identification, risk estimation, risk control selection, and residual risk review. The control addresses: Gain independent validation of ISMS and cybersecurity posture (e.g., certification or attestation) to enhance trust and demonstrate control effectiveness.. None of the 4 individual requirements contain explicit keyword matches to prEN 18228 terminology. The mapping is established at the control level based on overall subject matter and domain alignment. This represents a traceability gap at the requirement level -- consider adding explicit prEN 18228 language to one or more requirements to strengthen direct traceability."
V.CI-01,Art. 9.2 - Hazard Identification,"ARISE control Reporting Channels (VALIDATE) maps to Art. 9.2 - Hazard Identification of prEN 18228, which covers system-artifact level AI risk management including hazard identification, risk estimation, risk control selection, and residual risk review. 1 of 6 requirements demonstrate direct keyword alignment to this standard: V.CI-01-req-06 (Feedback Loop: Provide status updates; aggregate patterns for trend analysis; escalate systemic issues to risk committees.) -- matched terms: risk. These requirements substantively address prEN 18228 obligations at the individual requirement level, confirming strong traceability."
V.CI-02,Art. 9.2 - Hazard Identification,"ARISE control Internal Audit: AI Audit (VALIDATE) maps to Art. 9.2 - Hazard Identification of prEN 18228, which covers system-artifact level AI risk management including hazard identification, risk estimation, risk control selection, and residual risk review. 2 of 6 requirements demonstrate direct keyword alignment to this standard: V.CI-02-req-01 (Risk-Based Plan: Annual AI audit plan focusing on high-impact systems and recent changes; align scope to risk register.) -- matched terms: impact, risk"
V.CI-03,Art. 9.4 - Residual Risk Review,"ARISE control Internal Audit: Security Audit (VALIDATE) maps to Art. 9.4 - Residual Risk Review of prEN 18228, which covers system-artifact level AI risk management including hazard identification, risk estimation, risk control selection, and residual risk review. 1 of 6 requirements demonstrate direct keyword alignment to this standard: V.CI-03-req-01 (Audit Plan: Maintain an inventory of auditable entities; prioritize by risk and change frequency.) -- matched terms: risk. These requirements substantively address prEN 18228 obligations at the individual requirement level, confirming strong traceability."
V.IA,Art. 9.4 - Residual Risk Review,"ARISE control Internal Audit (VALIDATE) maps to Art. 9.4 - Residual Risk Review of prEN 18228, which covers system-artifact level AI risk management including hazard identification, risk estimation, risk control selection, and residual risk review. 1 of 5 requirements demonstrate direct keyword alignment to this standard: V.IA-req-02 (Planning & Risk Basis: Prioritize audits by risk severity.) -- matched terms: risk. These requirements substantively address prEN 18228 obligations at the individual requirement level, confirming strong traceability."
V.TE-01,Art. 9.2 - Hazard Identification,"ARISE control Testing (VALIDATE) maps to Art. 9.2 - Hazard Identification of prEN 18228, which covers system-artifact level AI risk management including hazard identification, risk estimation, risk control selection, and residual risk review. 4 of 8 requirements demonstrate direct keyword alignment to this standard: V.TE-01-req-01 (Independence & Competency: Separate builder and tester responsibilities for high-risk releases; ensure test engineers have AI safety/security skills where applicable.) -- matched terms: risk"
V.TE-02,Art. 9.2 - Hazard Identification,"ARISE control Evaluation (VALIDATE) maps to Art. 9.2 - Hazard Identification of prEN 18228, which covers system-artifact level AI risk management including hazard identification, risk estimation, risk control selection, and residual risk review. 2 of 8 requirements demonstrate direct keyword alignment to this standard: V.TE-02-req-03 (Documented evaluation and approval before deployment for medium/high-risk AI.) -- matched terms: risk"
V.TE-03,Art. 9.4 - Residual Risk Review,"ARISE control Verification (VALIDATE) maps to Art. 9.4 - Residual Risk Review of prEN 18228, which covers system-artifact level AI risk management including hazard identification, risk estimation, risk control selection, and residual risk review. 1 of 8 requirements demonstrate direct keyword alignment to this standard: V.TE-03-req-03 (Independence: Assign verifiers independent from implementers for high-risk items; require segregation for approvals.) -- matched terms: risk. These requirements substantively address prEN 18228 obligations at the individual requirement level, confirming strong traceability."
V.TE-04,Art. 9.2 - Hazard Identification,"ARISE control Validation (VALIDATE) maps to Art. 9.2 - Hazard Identification of prEN 18228, which covers system-artifact level AI risk management including hazard identification, risk estimation, risk control selection, and residual risk review. 3 of 7 requirements demonstrate direct keyword alignment to this standard: V.TE-04-req-01 (Risk Gates & Go/No-Go: Define validation gates linked to risk appetite; require executive/governance approval when thresholds are marginal.) -- matched terms: appetite, risk"
