arise_control_id,prEN 18286 Reference,rationale
G.AC-01,Art. 17 / Cl. 7-8 - QMS Support & Operations,"ARISE control Top Management Commitment (GOVERN) maps to Art. 17 / Cl. 7-8 - QMS Support & Operations of prEN 18286, which covers quality management system (QMS) requirements for HRAIS covering context, leadership, planning, support, operations, performance evaluation, and continual improvement. 2 of 6 requirements demonstrate direct keyword alignment to this standard: G.AC-01-req-01 (Policy Endorsement: Sign/publish management-system policy; communicate expectations.) -- matched terms: policy"
G.AC-02,"Art. 17 / Cl. 4-6 - QMS Context, Leadership & Planning","ARISE control Charters & Committees (GOVERN) maps to Art. 17 / Cl. 4-6 - QMS Context, Leadership & Planning of prEN 18286, which covers quality management system (QMS) requirements for HRAIS covering context, leadership, planning, support, operations, performance evaluation, and continual improvement. 3 of 6 requirements demonstrate direct keyword alignment to this standard: G.AC-02-req-01 (Charters: Document purpose, scope, authorities, quorum, and decision rights.) -- matched terms: charter, document, scope"
G.AC-03,"Art. 17 / Cl. 4-6 - QMS Context, Leadership & Planning","ARISE control Executive Leadership & Board Oversight (GOVERN) maps to Art. 17 / Cl. 4-6 - QMS Context, Leadership & Planning of prEN 18286, which covers quality management system (QMS) requirements for HRAIS covering context, leadership, planning, support, operations, performance evaluation, and continual improvement. 3 of 6 requirements demonstrate direct keyword alignment to this standard: G.AC-03-req-01 (Oversight Charter: Define responsibilities for policy approval, risk appetite, and performance review.) -- matched terms: charter, oversight, policy"
G.GV.A-01,"Art. 17 / Cl. 4-6 - QMS Context, Leadership & Planning","ARISE control Accountability (GOVERN) maps to Art. 17 / Cl. 4-6 - QMS Context, Leadership & Planning of prEN 18286, which covers quality management system (QMS) requirements for HRAIS covering context, leadership, planning, support, operations, performance evaluation, and continual improvement. 2 of 4 requirements demonstrate direct keyword alignment to this standard: G.GV.A-01-req-02 (Document authority to remediate or pause systems.) -- matched terms: document"
G.GV.A-02,Art. 17 / Cl. 7-8 - QMS Support & Operations,"ARISE control Fairness (GOVERN) maps to Art. 17 / Cl. 7-8 - QMS Support & Operations of prEN 18286, which covers quality management system (QMS) requirements for HRAIS covering context, leadership, planning, support, operations, performance evaluation, and continual improvement. 1 of 4 requirements demonstrate direct keyword alignment to this standard: G.GV.A-02-req-04 (Proxy Variable Analysis & Trade-off Documentation: Analyze models for Proxy Bias (e.g., Zip Code acting as Race) and formally document the accepted trade-offs between Accuracy and Fairness (The Pareto Frontier).) -- matched terms: document. These requirements substantively address prEN 18286 obligations at the individual requirement level, confirming strong traceability."
G.GV.A-03,Art. 17 / Cl. 7-8 - QMS Support & Operations,"ARISE control Inclusivity (GOVERN) maps to Art. 17 / Cl. 7-8 - QMS Support & Operations of prEN 18286, which covers quality management system (QMS) requirements for HRAIS covering context, leadership, planning, support, operations, performance evaluation, and continual improvement. 1 of 4 requirements demonstrate direct keyword alignment to this standard: G.GV.A-03-req-03 (Accessibility & Universal Design: Mandate that all AI interfaces and outputs meet accessibility standards (e.g., WCAG 2.1 AA) to ensure inclusivity for users with disabilities.) -- matched terms: standard. These requirements substantively address prEN 18286 obligations at the individual requirement level, confirming strong traceability."
G.GV.A-04,Art. 17 / Cl. 9 - QMS Performance Evaluation,"ARISE control Cultural Considerations (GOVERN) maps to Art. 17 / Cl. 9 - QMS Performance Evaluation of prEN 18286, which covers quality management system (QMS) requirements for HRAIS covering context, leadership, planning, support, operations, performance evaluation, and continual improvement. The control addresses: Respect cultural norms and jurisdictional sensitivities in outputs, labeling, and UX; require contextual review before global deployments.. None of the 3 individual requirements contain explicit keyword matches to prEN 18286 terminology. The mapping is established at the control level based on overall subject matter and domain alignment. This represents a traceability gap at the requirement level -- consider adding explicit prEN 18286 language to one or more requirements to strengthen direct traceability."
G.GV.A-05,Art. 17 / Cl. 7-8 - QMS Support & Operations,"ARISE control Tensions and Trade-offs (GOVERN) maps to Art. 17 / Cl. 7-8 - QMS Support & Operations of prEN 18286, which covers quality management system (QMS) requirements for HRAIS covering context, leadership, planning, support, operations, performance evaluation, and continual improvement. 1 of 4 requirements demonstrate direct keyword alignment to this standard: G.GV.A-05-req-02 (Trade-off documentation template and repository.) -- matched terms: document. These requirements substantively address prEN 18286 obligations at the individual requirement level, confirming strong traceability."
G.GV.A-06,Art. 17 / Cl. 7-8 - QMS Support & Operations,"ARISE control Transparency (GOVERN) maps to Art. 17 / Cl. 7-8 - QMS Support & Operations of prEN 18286, which covers quality management system (QMS) requirements for HRAIS covering context, leadership, planning, support, operations, performance evaluation, and continual improvement. 2 of 4 requirements demonstrate direct keyword alignment to this standard: G.GV.A-06-req-03 (Documentation to satisfy regulator/customer requests.) -- matched terms: document"
G.GV.C-01,Art. 17 / Cl. 7-8 - QMS Support & Operations,"ARISE control COC: Acceptable Use (GOVERN) maps to Art. 17 / Cl. 7-8 - QMS Support & Operations of prEN 18286, which covers quality management system (QMS) requirements for HRAIS covering context, leadership, planning, support, operations, performance evaluation, and continual improvement. 1 of 6 requirements demonstrate direct keyword alignment to this standard: G.GV.C-01-req-06 (Shadow AI / Public Generative AI Restrictions: Explicitly prohibit the submission of non-public data into unapproved/public AI tools and define acceptable Bring Your Own AI boundaries.) -- matched terms: mission. These requirements substantively address prEN 18286 obligations at the individual requirement level, confirming strong traceability."
G.GV.C-02,"Art. 17 / Cl. 4-6 - QMS Context, Leadership & Planning","ARISE control COC: Data Ethics (GOVERN) maps to Art. 17 / Cl. 4-6 - QMS Context, Leadership & Planning of prEN 18286, which covers quality management system (QMS) requirements for HRAIS covering context, leadership, planning, support, operations, performance evaluation, and continual improvement. 2 of 6 requirements demonstrate direct keyword alignment to this standard: G.GV.C-02-req-01 (Data Ethics Principles: Define fairness, transparency, accountability, privacy, inclusivity.) -- matched terms: accountability"
G.GV.C-03,"Art. 17 / Cl. 4-6 - QMS Context, Leadership & Planning","ARISE control COC: Ethical Principles for AI & Tech (GOVERN) maps to Art. 17 / Cl. 4-6 - QMS Context, Leadership & Planning of prEN 18286, which covers quality management system (QMS) requirements for HRAIS covering context, leadership, planning, support, operations, performance evaluation, and continual improvement. 2 of 7 requirements demonstrate direct keyword alignment to this standard: G.GV.C-03-req-02 (Human Oversight: Ensure meaningful human-in-the-loop for high-risk automated decisions.) -- matched terms: oversight"
G.GV.P-01,"Art. 17 / Cl. 4-6 - QMS Context, Leadership & Planning","ARISE control Core Policies (GOVERN) maps to Art. 17 / Cl. 4-6 - QMS Context, Leadership & Planning of prEN 18286, which covers quality management system (QMS) requirements for HRAIS covering context, leadership, planning, support, operations, performance evaluation, and continual improvement. 5 of 8 requirements demonstrate direct keyword alignment to this standard: G.GV.P-01-req-01 (Policy Framework Structure: Maintain single hierarchical policy architecture across domains.) -- matched terms: policy"
G.GV.P-02,Art. 17 / Cl. 7-8 - QMS Support & Operations,"ARISE control Security Policies (GOVERN) maps to Art. 17 / Cl. 7-8 - QMS Support & Operations of prEN 18286, which covers quality management system (QMS) requirements for HRAIS covering context, leadership, planning, support, operations, performance evaluation, and continual improvement. 2 of 6 requirements demonstrate direct keyword alignment to this standard: G.GV.P-02-req-01 (Policy Content: IAM, encryption, logging, IR, physical security, VM, acceptable use.) -- matched terms: policy"
G.GV.P-03,Art. 17 / Cl. 7-8 - QMS Support & Operations,"ARISE control Response & Resilience Policies (GOVERN) maps to Art. 17 / Cl. 7-8 - QMS Support & Operations of prEN 18286, which covers quality management system (QMS) requirements for HRAIS covering context, leadership, planning, support, operations, performance evaluation, and continual improvement. 4 of 7 requirements demonstrate direct keyword alignment to this standard: G.GV.P-03-req-01 (Governance Integration: IR/communications/continuity.) -- matched terms: governance"
G.GV.P-04,Art. 17 / Cl. 7-8 - QMS Support & Operations,"ARISE control AI Policies (GOVERN) maps to Art. 17 / Cl. 7-8 - QMS Support & Operations of prEN 18286, which covers quality management system (QMS) requirements for HRAIS covering context, leadership, planning, support, operations, performance evaluation, and continual improvement. 4 of 6 requirements demonstrate direct keyword alignment to this standard: G.GV.P-04-req-01 (Policy Components: Data governance, model development, transparency, human oversight, fairness, explainability, robustness, lifecycle monitoring.) -- matched terms: governance, oversight, policy"
G.GV.P-05,Art. 17 / Cl. 7-8 - QMS Support & Operations,"ARISE control Privacy Policies (GOVERN) maps to Art. 17 / Cl. 7-8 - QMS Support & Operations of prEN 18286, which covers quality management system (QMS) requirements for HRAIS covering context, leadership, planning, support, operations, performance evaluation, and continual improvement. The control addresses: Define rules for lawful, fair, transparent processing of personal/sensitive data, aligned to AI privacy needs.. None of the 7 individual requirements contain explicit keyword matches to prEN 18286 terminology. The mapping is established at the control level based on overall subject matter and domain alignment. This represents a traceability gap at the requirement level -- consider adding explicit prEN 18286 language to one or more requirements to strengthen direct traceability."
G.GV.P-06,"Art. 17 / Cl. 4-6 - QMS Context, Leadership & Planning","ARISE control Ethics Policies (GOVERN) maps to Art. 17 / Cl. 4-6 - QMS Context, Leadership & Planning of prEN 18286, which covers quality management system (QMS) requirements for HRAIS covering context, leadership, planning, support, operations, performance evaluation, and continual improvement. 3 of 6 requirements demonstrate direct keyword alignment to this standard: G.GV.P-06-req-01 (Ethics Framework: Define core principles (respect, fairness, accountability, transparency, non-maleficence).) -- matched terms: accountability"
G.GV.P-07,Art. 17 / Cl. 7-8 - QMS Support & Operations,"ARISE control HR Policies (GOVERN) maps to Art. 17 / Cl. 7-8 - QMS Support & Operations of prEN 18286, which covers quality management system (QMS) requirements for HRAIS covering context, leadership, planning, support, operations, performance evaluation, and continual improvement. 1 of 6 requirements demonstrate direct keyword alignment to this standard: G.GV.P-07-req-02 (Onboarding Controls: Security/policy training before access.) -- matched terms: policy. These requirements substantively address prEN 18286 obligations at the individual requirement level, confirming strong traceability."
G.GV.P-08,"Art. 17 / Cl. 4-6 - QMS Context, Leadership & Planning","ARISE control Supply-Chain Policies (GOVERN) maps to Art. 17 / Cl. 4-6 - QMS Context, Leadership & Planning of prEN 18286, which covers quality management system (QMS) requirements for HRAIS covering context, leadership, planning, support, operations, performance evaluation, and continual improvement. The control addresses: Ensure suppliers and partners meet organizational security, privacy, and ethical standards throughout the contract lifecycle.. None of the 6 individual requirements contain explicit keyword matches to prEN 18286 terminology. The mapping is established at the control level based on overall subject matter and domain alignment. This represents a traceability gap at the requirement level -- consider adding explicit prEN 18286 language to one or more requirements to strengthen direct traceability."
G.GV.P-09,"Art. 17 / Cl. 4-6 - QMS Context, Leadership & Planning","ARISE control Data-Governance Policies (GOVERN) maps to Art. 17 / Cl. 4-6 - QMS Context, Leadership & Planning of prEN 18286, which covers quality management system (QMS) requirements for HRAIS covering context, leadership, planning, support, operations, performance evaluation, and continual improvement. 2 of 7 requirements demonstrate direct keyword alignment to this standard: G.GV.P-09-req-02 (Classification: Apply standard schema.) -- matched terms: standard"
G.GV.S-01,"Art. 17 / Cl. 4-6 - QMS Context, Leadership & Planning","ARISE control Core Standards (GOVERN) maps to Art. 17 / Cl. 4-6 - QMS Context, Leadership & Planning of prEN 18286, which covers quality management system (QMS) requirements for HRAIS covering context, leadership, planning, support, operations, performance evaluation, and continual improvement. 6 of 9 requirements demonstrate direct keyword alignment to this standard: G.GV.S-01-req-01 (Standard Development: Documented Standards with purpose/scope/expectations/references/testing/owners.) -- matched terms: document, scope, standard"
G.GV.S-02,"Art. 17 / Cl. 4-6 - QMS Context, Leadership & Planning","ARISE control Security Standards (GOVERN) maps to Art. 17 / Cl. 4-6 - QMS Context, Leadership & Planning of prEN 18286, which covers quality management system (QMS) requirements for HRAIS covering context, leadership, planning, support, operations, performance evaluation, and continual improvement. 8 of 10 requirements demonstrate direct keyword alignment to this standard: G.GV.S-02-req-01 (Baseline Configuration Standards: Recognized baselines (e.g., CIS).) -- matched terms: standard"
G.GV.S-03,"Art. 17 / Cl. 4-6 - QMS Context, Leadership & Planning","ARISE control Response & Resilience Standards (GOVERN) maps to Art. 17 / Cl. 4-6 - QMS Context, Leadership & Planning of prEN 18286, which covers quality management system (QMS) requirements for HRAIS covering context, leadership, planning, support, operations, performance evaluation, and continual improvement. 1 of 7 requirements demonstrate direct keyword alignment to this standard: G.GV.S-03-req-7 (AI-System Failover: Fallback procedures and human-in-the-loop overrides.) -- matched terms: procedure. These requirements substantively address prEN 18286 obligations at the individual requirement level, confirming strong traceability."
G.GV.S-04,"Art. 17 / Cl. 4-6 - QMS Context, Leadership & Planning","ARISE control AI Standards (GOVERN) maps to Art. 17 / Cl. 4-6 - QMS Context, Leadership & Planning of prEN 18286, which covers quality management system (QMS) requirements for HRAIS covering context, leadership, planning, support, operations, performance evaluation, and continual improvement. 5 of 9 requirements demonstrate direct keyword alignment to this standard: G.GV.S-04-req-01 (Documentation Standards: Standardized model cards (metadata, purpose, I/O, provenance, metrics, risk classification).) -- matched terms: document, standard"
G.LR-01,"Art. 17 / Cl. 4-6 - QMS Context, Leadership & Planning","ARISE control Data Privacy Compliance (GOVERN) maps to Art. 17 / Cl. 4-6 - QMS Context, Leadership & Planning of prEN 18286, which covers quality management system (QMS) requirements for HRAIS covering context, leadership, planning, support, operations, performance evaluation, and continual improvement. 1 of 9 requirements demonstrate direct keyword alignment to this standard: G.LR-01-req-04 (Vendor Accountability: Contracts mirroring privacy obligations.) -- matched terms: accountability. These requirements substantively address prEN 18286 obligations at the individual requirement level, confirming strong traceability."
G.LR-02,Art. 17 / Cl. 7-8 - QMS Support & Operations,"ARISE control Intellectual Property (IP) Management (GOVERN) maps to Art. 17 / Cl. 7-8 - QMS Support & Operations of prEN 18286, which covers quality management system (QMS) requirements for HRAIS covering context, leadership, planning, support, operations, performance evaluation, and continual improvement. The control addresses: Protect IP assets—including proprietary data, algorithms, code, documentation, and AI models—while respecting third-party rights.. None of the 9 individual requirements contain explicit keyword matches to prEN 18286 terminology. The mapping is established at the control level based on overall subject matter and domain alignment. This represents a traceability gap at the requirement level -- consider adding explicit prEN 18286 language to one or more requirements to strengthen direct traceability."
G.LR-03,"Art. 17 / Cl. 4-6 - QMS Context, Leadership & Planning","ARISE control AI Regulatory Compliance (GOVERN) maps to Art. 17 / Cl. 4-6 - QMS Context, Leadership & Planning of prEN 18286, which covers quality management system (QMS) requirements for HRAIS covering context, leadership, planning, support, operations, performance evaluation, and continual improvement. 6 of 8 requirements demonstrate direct keyword alignment to this standard: G.LR-03-req-01 (Regulatory Register: Inventory AI-related regulations/standards.) -- matched terms: standard"
G.LR-04,Art. 17 / Cl. 7-8 - QMS Support & Operations,"ARISE control Cybersecurity Regulatory Compliance (GOVERN) maps to Art. 17 / Cl. 7-8 - QMS Support & Operations of prEN 18286, which covers quality management system (QMS) requirements for HRAIS covering context, leadership, planning, support, operations, performance evaluation, and continual improvement. The control addresses: Align cybersecurity controls with legal, contractual, and regulatory obligations and maintain continuous compliance.. None of the 7 individual requirements contain explicit keyword matches to prEN 18286 terminology. The mapping is established at the control level based on overall subject matter and domain alignment. This represents a traceability gap at the requirement level -- consider adding explicit prEN 18286 language to one or more requirements to strengthen direct traceability."
G.LR-05,Art. 17 / Cl. 7-8 - QMS Support & Operations,"ARISE control Ethical Use, Fairness & Bias Compliance (GOVERN) maps to Art. 17 / Cl. 7-8 - QMS Support & Operations of prEN 18286, which covers quality management system (QMS) requirements for HRAIS covering context, leadership, planning, support, operations, performance evaluation, and continual improvement. 2 of 8 requirements demonstrate direct keyword alignment to this standard: G.LR-05-req-01 (Transparency Controls: Document model purpose, limits, data sources.) -- matched terms: document"
G.OV,"Art. 17 / Cl. 4-6 - QMS Context, Leadership & Planning","ARISE control Org Values & Governance (GOVERN) maps to Art. 17 / Cl. 4-6 - QMS Context, Leadership & Planning of prEN 18286, which covers quality management system (QMS) requirements for HRAIS covering context, leadership, planning, support, operations, performance evaluation, and continual improvement. 4 of 7 requirements demonstrate direct keyword alignment to this standard: G.OV-req-01 (Values Definition & Governance: Define tenets (Accountability, Fairness, Inclusivity, Transparency, Integrity, Stewardship); leadership endorsement and annual reaffirmation.) -- matched terms: accountability, governance"
G.PR-01,Art. 17 / Cl. 7-8 - QMS Support & Operations,"ARISE control Privacy Program (GOVERN) maps to Art. 17 / Cl. 7-8 - QMS Support & Operations of prEN 18286, which covers quality management system (QMS) requirements for HRAIS covering context, leadership, planning, support, operations, performance evaluation, and continual improvement. 2 of 11 requirements demonstrate direct keyword alignment to this standard: G.PR-01-req-01 (Governance Structure: Appoint DPO/privacy leader; define roles.) -- matched terms: governance"
G.RM-01,Art. 17 / Cl. 7-8 - QMS Support & Operations,"ARISE control Risk Management Framework (GOVERN) maps to Art. 17 / Cl. 7-8 - QMS Support & Operations of prEN 18286, which covers quality management system (QMS) requirements for HRAIS covering context, leadership, planning, support, operations, performance evaluation, and continual improvement. 1 of 10 requirements demonstrate direct keyword alignment to this standard: G.RM-01-req-02 (Governance Structure: Risk Executive; roles for Risk Owners/Control Owners/Risk Committee.) -- matched terms: committee, governance. These requirements substantively address prEN 18286 obligations at the individual requirement level, confirming strong traceability."
G.RM-02,Art. 17 / Cl. 7-8 - QMS Support & Operations,"ARISE control Risk Appetite and Tolerance (GOVERN) maps to Art. 17 / Cl. 7-8 - QMS Support & Operations of prEN 18286, which covers quality management system (QMS) requirements for HRAIS covering context, leadership, planning, support, operations, performance evaluation, and continual improvement. The control addresses: Define and approve thresholds for acceptable risk across domains.. None of the 7 individual requirements contain explicit keyword matches to prEN 18286 terminology. The mapping is established at the control level based on overall subject matter and domain alignment. This represents a traceability gap at the requirement level -- consider adding explicit prEN 18286 language to one or more requirements to strengthen direct traceability."
G.RM-03,Art. 17 / Cl. 7-8 - QMS Support & Operations,"ARISE control Risk Management Program: AI (GOVERN) maps to Art. 17 / Cl. 7-8 - QMS Support & Operations of prEN 18286, which covers quality management system (QMS) requirements for HRAIS covering context, leadership, planning, support, operations, performance evaluation, and continual improvement. 2 of 10 requirements demonstrate direct keyword alignment to this standard: G.RM-03-req-05 (Ethics & Human Oversight points for decisions/conflicts.) -- matched terms: oversight"
G.RM-04,Art. 17 / Cl. 7-8 - QMS Support & Operations,"ARISE control Risk-Management Program: Cybersecurity (GOVERN) maps to Art. 17 / Cl. 7-8 - QMS Support & Operations of prEN 18286, which covers quality management system (QMS) requirements for HRAIS covering context, leadership, planning, support, operations, performance evaluation, and continual improvement. 1 of 10 requirements demonstrate direct keyword alignment to this standard: G.RM-04-req-07 (Reporting: Quarterly dashboards to Security Committee/Board.) -- matched terms: committee. These requirements substantively address prEN 18286 obligations at the individual requirement level, confirming strong traceability."
G.RM-05,Art. 17 / Cl. 7-8 - QMS Support & Operations,"ARISE control Risk-Management Program: Third-Party (GOVERN) maps to Art. 17 / Cl. 7-8 - QMS Support & Operations of prEN 18286, which covers quality management system (QMS) requirements for HRAIS covering context, leadership, planning, support, operations, performance evaluation, and continual improvement. 1 of 9 requirements demonstrate direct keyword alignment to this standard: G.RM-05-req-05 (Change & Offboarding: Reassess on scope change; data return/destruction; credential revocation.) -- matched terms: scope. These requirements substantively address prEN 18286 obligations at the individual requirement level, confirming strong traceability."
G.ST.B,Art. 17 / Cl. 9 - QMS Performance Evaluation,"ARISE control System Boundaries (GOVERN) maps to Art. 17 / Cl. 9 - QMS Performance Evaluation of prEN 18286, which covers quality management system (QMS) requirements for HRAIS covering context, leadership, planning, support, operations, performance evaluation, and continual improvement. 2 of 6 requirements demonstrate direct keyword alignment to this standard: G.ST.B-req-1 (Boundary Definition: Maintain current diagrams/inventories delineating in-scope vs. out-of-scope components, trust zones, and interfaces.) -- matched terms: scope"
G.ST.O-01,"Art. 17 / Cl. 4-6 - QMS Context, Leadership & Planning","ARISE control Mission Statement (GOVERN) maps to Art. 17 / Cl. 4-6 - QMS Context, Leadership & Planning of prEN 18286, which covers quality management system (QMS) requirements for HRAIS covering context, leadership, planning, support, operations, performance evaluation, and continual improvement. 6 of 7 requirements demonstrate direct keyword alignment to this standard: G.ST.O-01-req-1 (Mission Definition: Maintain a written mission statement that explains who is served, services/outcomes provided, and principles that guide trustworthy technology and data stewardship.) -- matched terms: mission"
G.ST.O-02,"Art. 17 / Cl. 4-6 - QMS Context, Leadership & Planning","ARISE control Goals & Context (GOVERN) maps to Art. 17 / Cl. 4-6 - QMS Context, Leadership & Planning of prEN 18286, which covers quality management system (QMS) requirements for HRAIS covering context, leadership, planning, support, operations, performance evaluation, and continual improvement. 1 of 6 requirements demonstrate direct keyword alignment to this standard: G.ST.O-02-req-1 (Context Analysis: Document internal (culture/tech) and external (threat/legal) factors.) -- matched terms: document. These requirements substantively address prEN 18286 obligations at the individual requirement level, confirming strong traceability."
G.ST.S-01,"Art. 17 / Cl. 4-6 - QMS Context, Leadership & Planning","ARISE control AI Scope (GOVERN) maps to Art. 17 / Cl. 4-6 - QMS Context, Leadership & Planning of prEN 18286, which covers quality management system (QMS) requirements for HRAIS covering context, leadership, planning, support, operations, performance evaluation, and continual improvement. 1 of 6 requirements demonstrate direct keyword alignment to this standard: G.ST.S-01-req-5 (Review Cadence: Reassess scope/risk on material change or at least annually.) -- matched terms: scope. These requirements substantively address prEN 18286 obligations at the individual requirement level, confirming strong traceability."
G.ST.S-02,"Art. 17 / Cl. 4-6 - QMS Context, Leadership & Planning","ARISE control Security Scope (GOVERN) maps to Art. 17 / Cl. 4-6 - QMS Context, Leadership & Planning of prEN 18286, which covers quality management system (QMS) requirements for HRAIS covering context, leadership, planning, support, operations, performance evaluation, and continual improvement. 3 of 6 requirements demonstrate direct keyword alignment to this standard: G.ST.S-02-req-01 (In-Scope Asset Types: Define asset classes covered (including AI datasets/models, hardware, software, cloud resources).) -- matched terms: scope"
G.ST.S-03,"Art. 17 / Cl. 4-6 - QMS Context, Leadership & Planning","ARISE control Regulatory Scope (GOVERN) maps to Art. 17 / Cl. 4-6 - QMS Context, Leadership & Planning of prEN 18286, which covers quality management system (QMS) requirements for HRAIS covering context, leadership, planning, support, operations, performance evaluation, and continual improvement. 1 of 5 requirements demonstrate direct keyword alignment to this standard: G.ST.S-03-req-2 (Control Mapping: Map obligations to policies, standards, and controls; identify gaps and remediation.) -- matched terms: standard. These requirements substantively address prEN 18286 obligations at the individual requirement level, confirming strong traceability."
M.CM,Art. 17 / Cl. 9 - QMS Performance Evaluation,"ARISE control Change Management (MANAGE) maps to Art. 17 / Cl. 9 - QMS Performance Evaluation of prEN 18286, which covers quality management system (QMS) requirements for HRAIS covering context, leadership, planning, support, operations, performance evaluation, and continual improvement. 2 of 8 requirements demonstrate direct keyword alignment to this standard: M.CM-req-01 (Formal RFC Process: Require documented Request for Change (RFC) submissions for all production modifications.) -- matched terms: document, mission"
M.DV-01,"Art. 17 / Cl. 4-6 - QMS Context, Leadership & Planning","ARISE control AI System Lifecycle (MANAGE) maps to Art. 17 / Cl. 4-6 - QMS Context, Leadership & Planning of prEN 18286, which covers quality management system (QMS) requirements for HRAIS covering context, leadership, planning, support, operations, performance evaluation, and continual improvement. 3 of 8 requirements demonstrate direct keyword alignment to this standard: M.DV-01-req-01 (Standardized AI Lifecycle Stages: (ideation → deployment → monitoring).) -- matched terms: standard"
M.DV-02,Art. 17 / Cl. 7-8 - QMS Support & Operations,"ARISE control Software Development Lifecycle (SDLC) (MANAGE) maps to Art. 17 / Cl. 7-8 - QMS Support & Operations of prEN 18286, which covers quality management system (QMS) requirements for HRAIS covering context, leadership, planning, support, operations, performance evaluation, and continual improvement. 1 of 7 requirements demonstrate direct keyword alignment to this standard: M.DV-02-req-01 (Policy & Standards: Document secure-development policy and coding standards.) -- matched terms: document, policy, standard. These requirements substantively address prEN 18286 obligations at the individual requirement level, confirming strong traceability."
M.HR,Art. 17 / Cl. 7-8 - QMS Support & Operations,"ARISE control Human Resources (MANAGE) maps to Art. 17 / Cl. 7-8 - QMS Support & Operations of prEN 18286, which covers quality management system (QMS) requirements for HRAIS covering context, leadership, planning, support, operations, performance evaluation, and continual improvement. The control addresses: Ensure personnel practices uphold confidentiality, integrity, and responsible-technology culture.. None of the 7 individual requirements contain explicit keyword matches to prEN 18286 terminology. The mapping is established at the control level based on overall subject matter and domain alignment. This represents a traceability gap at the requirement level -- consider adding explicit prEN 18286 language to one or more requirements to strengthen direct traceability."
M.OV-01,"Art. 17 / Cl. 4-6 - QMS Context, Leadership & Planning","ARISE control Ethics Oversight Committee (MANAGE) maps to Art. 17 / Cl. 4-6 - QMS Context, Leadership & Planning of prEN 18286, which covers quality management system (QMS) requirements for HRAIS covering context, leadership, planning, support, operations, performance evaluation, and continual improvement. 3 of 7 requirements demonstrate direct keyword alignment to this standard: M.OV-01-req-01 (Charter Definition: Document mission, authority, roles, quorum, and decision rights.) -- matched terms: charter, document, mission"
M.OV-02,"Art. 17 / Cl. 4-6 - QMS Context, Leadership & Planning","ARISE control Privacy Oversight Committee (MANAGE) maps to Art. 17 / Cl. 4-6 - QMS Context, Leadership & Planning of prEN 18286, which covers quality management system (QMS) requirements for HRAIS covering context, leadership, planning, support, operations, performance evaluation, and continual improvement. 1 of 7 requirements demonstrate direct keyword alignment to this standard: M.OV-02-req-01 (Charter & Authority: Define committee scope for privacy oversight.) -- matched terms: charter, committee, oversight, scope. These requirements substantively address prEN 18286 obligations at the individual requirement level, confirming strong traceability."
M.OV-03,"Art. 17 / Cl. 4-6 - QMS Context, Leadership & Planning","ARISE control Security Oversight Committee (MANAGE) maps to Art. 17 / Cl. 4-6 - QMS Context, Leadership & Planning of prEN 18286, which covers quality management system (QMS) requirements for HRAIS covering context, leadership, planning, support, operations, performance evaluation, and continual improvement. 4 of 7 requirements demonstrate direct keyword alignment to this standard: M.OV-03-req-01 (Charter & Mandate: Define responsibilities for security posture, program reviews, and approval authority.) -- matched terms: charter"
M.PM,"Art. 17 / Cl. 4-6 - QMS Context, Leadership & Planning","ARISE control Performance Metrics (MANAGE) maps to Art. 17 / Cl. 4-6 - QMS Context, Leadership & Planning of prEN 18286, which covers quality management system (QMS) requirements for HRAIS covering context, leadership, planning, support, operations, performance evaluation, and continual improvement. 2 of 8 requirements demonstrate direct keyword alignment to this standard: M.PM-req-01 (KPI Framework — Define standardized KPIs and KRIs aligned with strategic goals and risk appetite (e.g., MTTD, patch compliance, AI model drift rate, bias index, data-loss incidents, control-audit pass rates).) -- matched terms: standard"
M.PR,"Art. 17 / Cl. 4-6 - QMS Context, Leadership & Planning","ARISE control Privacy Program (MANAGE) maps to Art. 17 / Cl. 4-6 - QMS Context, Leadership & Planning of prEN 18286, which covers quality management system (QMS) requirements for HRAIS covering context, leadership, planning, support, operations, performance evaluation, and continual improvement. 1 of 8 requirements demonstrate direct keyword alignment to this standard: M.PR-req-04 (Integration with AI Governance — Link data usage to AI transparency and fairness obligations.) -- matched terms: governance. These requirements substantively address prEN 18286 obligations at the individual requirement level, confirming strong traceability."
M.RM-01,Art. 17 / Cl. 7-8 - QMS Support & Operations,"ARISE control Third-Party Risk Management (MANAGE) maps to Art. 17 / Cl. 7-8 - QMS Support & Operations of prEN 18286, which covers quality management system (QMS) requirements for HRAIS covering context, leadership, planning, support, operations, performance evaluation, and continual improvement. 1 of 9 requirements demonstrate direct keyword alignment to this standard: M.RM-01-req-02 (Due Diligence: Perform pre-contract risk assessments covering security, privacy, AI governance, and regulatory posture.) -- matched terms: governance. These requirements substantively address prEN 18286 obligations at the individual requirement level, confirming strong traceability."
M.RM-02,Art. 17 / Cl. 7-8 - QMS Support & Operations,"ARISE control AI Risk Management (MANAGE) maps to Art. 17 / Cl. 7-8 - QMS Support & Operations of prEN 18286, which covers quality management system (QMS) requirements for HRAIS covering context, leadership, planning, support, operations, performance evaluation, and continual improvement. 3 of 9 requirements demonstrate direct keyword alignment to this standard: M.RM-02-req-03 (Human Oversight — Document escalation paths and responsible human controllers for decision checkpoints.) -- matched terms: document, oversight"
M.RM-03,Art. 17 / Cl. 7-8 - QMS Support & Operations,"ARISE control Cybersecurity Risk Management (MANAGE) maps to Art. 17 / Cl. 7-8 - QMS Support & Operations of prEN 18286, which covers quality management system (QMS) requirements for HRAIS covering context, leadership, planning, support, operations, performance evaluation, and continual improvement. The control addresses: Continuously evaluate threats, vulnerabilities, and exposure across systems, networks, applications, and AI workloads to maintain acceptable cybersecurity posture.. None of the 9 individual requirements contain explicit keyword matches to prEN 18286 terminology. The mapping is established at the control level based on overall subject matter and domain alignment. This represents a traceability gap at the requirement level -- consider adding explicit prEN 18286 language to one or more requirements to strengthen direct traceability."
M.RP,Art. 17 / Cl. 7-8 - QMS Support & Operations,"ARISE control Reporting (MANAGE) maps to Art. 17 / Cl. 7-8 - QMS Support & Operations of prEN 18286, which covers quality management system (QMS) requirements for HRAIS covering context, leadership, planning, support, operations, performance evaluation, and continual improvement. 2 of 8 requirements demonstrate direct keyword alignment to this standard: M.RP-req-01 (Escalation Procedures: Define immediate escalation thresholds for critical risks or noncompliance events.) -- matched terms: procedure"
I.AM-01,"Art. 17 / Cl. 4-6 - QMS Context, Leadership & Planning","ARISE control AI System Inventory (IDENTIFY) maps to Art. 17 / Cl. 4-6 - QMS Context, Leadership & Planning of prEN 18286, which covers quality management system (QMS) requirements for HRAIS covering context, leadership, planning, support, operations, performance evaluation, and continual improvement. 2 of 10 requirements demonstrate direct keyword alignment to this standard: I.AM-01-req-01 (Inventory Governance: Define ownership (AI Product Owner, Model Owner, Data Steward). Establish registration criteria for what constitutes an AI system and subcomponents.) -- matched terms: governance"
I.AM-02,Art. 17 / Cl. 7-8 - QMS Support & Operations,"ARISE control System Asset Management (IDENTIFY) maps to Art. 17 / Cl. 7-8 - QMS Support & Operations of prEN 18286, which covers quality management system (QMS) requirements for HRAIS covering context, leadership, planning, support, operations, performance evaluation, and continual improvement. 1 of 9 requirements demonstrate direct keyword alignment to this standard: I.AM-02-req-03 (Interconnection Register: Document upstream/downstream dependencies, trust boundaries, and data flows.) -- matched terms: document. These requirements substantively address prEN 18286 obligations at the individual requirement level, confirming strong traceability."
I.AM-03,Art. 17 / Cl. 7-8 - QMS Support & Operations,"ARISE control BYOD Asset Management (IDENTIFY) maps to Art. 17 / Cl. 7-8 - QMS Support & Operations of prEN 18286, which covers quality management system (QMS) requirements for HRAIS covering context, leadership, planning, support, operations, performance evaluation, and continual improvement. The control addresses: Control risk from personally owned devices accessing organizational systems/data.. None of the 7 individual requirements contain explicit keyword matches to prEN 18286 terminology. The mapping is established at the control level based on overall subject matter and domain alignment. This represents a traceability gap at the requirement level -- consider adding explicit prEN 18286 language to one or more requirements to strengthen direct traceability."
I.DG-01,Art. 17 / Cl. 7-8 - QMS Support & Operations,"ARISE control Data Mapping (IDENTIFY) maps to Art. 17 / Cl. 7-8 - QMS Support & Operations of prEN 18286, which covers quality management system (QMS) requirements for HRAIS covering context, leadership, planning, support, operations, performance evaluation, and continual improvement. 2 of 7 requirements demonstrate direct keyword alignment to this standard: I.DG-01-req-01 (Data Inventories: Catalog datasets with owners, categories, sensitivity, purpose, lawful basis. (100% critical data flows documented and current.)) -- matched terms: document"
I.IM-01,Art. 17 / Cl. 7-8 - QMS Support & Operations,"ARISE control AI Impacts (IDENTIFY) maps to Art. 17 / Cl. 7-8 - QMS Support & Operations of prEN 18286, which covers quality management system (QMS) requirements for HRAIS covering context, leadership, planning, support, operations, performance evaluation, and continual improvement. 1 of 7 requirements demonstrate direct keyword alignment to this standard: I.IM-01-req-04 (Stakeholder Engagement: Collect feedback from affected groups and governance bodies.) -- matched terms: governance. These requirements substantively address prEN 18286 obligations at the individual requirement level, confirming strong traceability."
I.RM-01,Art. 17 / Cl. 7-8 - QMS Support & Operations,"ARISE control Risk Identification (IDENTIFY) maps to Art. 17 / Cl. 7-8 - QMS Support & Operations of prEN 18286, which covers quality management system (QMS) requirements for HRAIS covering context, leadership, planning, support, operations, performance evaluation, and continual improvement. 1 of 5 requirements demonstrate direct keyword alignment to this standard: I.RM-01-req-01 (Classification: Standardize likelihood/impact scales and KRIs.) -- matched terms: standard. These requirements substantively address prEN 18286 obligations at the individual requirement level, confirming strong traceability."
I.RM-02,Art. 17 / Cl. 9 - QMS Performance Evaluation,"ARISE control Insider Threat (IDENTIFY) maps to Art. 17 / Cl. 9 - QMS Performance Evaluation of prEN 18286, which covers quality management system (QMS) requirements for HRAIS covering context, leadership, planning, support, operations, performance evaluation, and continual improvement. 2 of 7 requirements demonstrate direct keyword alignment to this standard: I.RM-02-req-01 (Establish insider threat program with HR, Security, Legal oversight.) -- matched terms: oversight"
I.SC-01,Art. 17 / Cl. 7-8 - QMS Support & Operations,"ARISE control Supply Chain Risk (IDENTIFY) maps to Art. 17 / Cl. 7-8 - QMS Support & Operations of prEN 18286, which covers quality management system (QMS) requirements for HRAIS covering context, leadership, planning, support, operations, performance evaluation, and continual improvement. 1 of 7 requirements demonstrate direct keyword alignment to this standard: I.SC-01-req-07 (Fourth-Party Visibility: Document sub-suppliers and fallback options.) -- matched terms: document. These requirements substantively address prEN 18286 obligations at the individual requirement level, confirming strong traceability."
I.TH-01,Art. 17 / Cl. 7-8 - QMS Support & Operations,"ARISE control Security Thresholds (IDENTIFY) maps to Art. 17 / Cl. 7-8 - QMS Support & Operations of prEN 18286, which covers quality management system (QMS) requirements for HRAIS covering context, leadership, planning, support, operations, performance evaluation, and continual improvement. 1 of 6 requirements demonstrate direct keyword alignment to this standard: I.TH-01-req-02 (Documented thresholds for all major alert categories.) -- matched terms: document. These requirements substantively address prEN 18286 obligations at the individual requirement level, confirming strong traceability."
I.TH-02,Art. 17 / Cl. 7-8 - QMS Support & Operations,"ARISE control AI Operational Thresholds (IDENTIFY) maps to Art. 17 / Cl. 7-8 - QMS Support & Operations of prEN 18286, which covers quality management system (QMS) requirements for HRAIS covering context, leadership, planning, support, operations, performance evaluation, and continual improvement. The control addresses: Define measurable thresholds for AI performance, fairness, drift, safety, and explainability, with rollback and HITL criteria.. None of the 6 individual requirements contain explicit keyword matches to prEN 18286 terminology. The mapping is established at the control level based on overall subject matter and domain alignment. This represents a traceability gap at the requirement level -- consider adding explicit prEN 18286 language to one or more requirements to strengthen direct traceability."
I.TM-01,Art. 17 / Cl. 9 - QMS Performance Evaluation,"ARISE control Threat Management (IDENTIFY) maps to Art. 17 / Cl. 9 - QMS Performance Evaluation of prEN 18286, which covers quality management system (QMS) requirements for HRAIS covering context, leadership, planning, support, operations, performance evaluation, and continual improvement. The control addresses: Continuously identify, assess, and track threats to information systems and AI assets to inform defenses and investment.. None of the 9 individual requirements contain explicit keyword matches to prEN 18286 terminology. The mapping is established at the control level based on overall subject matter and domain alignment. This represents a traceability gap at the requirement level -- consider adding explicit prEN 18286 language to one or more requirements to strengthen direct traceability."
P.AC.M-01,Art. 17 / Cl. 7-8 - QMS Support & Operations,"ARISE control Bias (PROTECT) maps to Art. 17 / Cl. 7-8 - QMS Support & Operations of prEN 18286, which covers quality management system (QMS) requirements for HRAIS covering context, leadership, planning, support, operations, performance evaluation, and continual improvement. 3 of 7 requirements demonstrate direct keyword alignment to this standard: P.AC.M-01-req-01 (Documentation: Model cards with fairness assumptions, metrics, mitigations, limitations; re-evaluate on data/model changes.) -- matched terms: document"
P.AC.M-02,Art. 17 / Cl. 7-8 - QMS Support & Operations,"ARISE control Robustness (PROTECT) maps to Art. 17 / Cl. 7-8 - QMS Support & Operations of prEN 18286, which covers quality management system (QMS) requirements for HRAIS covering context, leadership, planning, support, operations, performance evaluation, and continual improvement. 1 of 6 requirements demonstrate direct keyword alignment to this standard: P.AC.M-02-req-01 (Fallback & SLOs: Define fallback models/heuristics; set response SLOs and quality SLOs.) -- matched terms: quality. These requirements substantively address prEN 18286 obligations at the individual requirement level, confirming strong traceability."
P.AC.M-03,"Art. 17 / Cl. 4-6 - QMS Context, Leadership & Planning","ARISE control Explainability (PROTECT) maps to Art. 17 / Cl. 4-6 - QMS Context, Leadership & Planning of prEN 18286, which covers quality management system (QMS) requirements for HRAIS covering context, leadership, planning, support, operations, performance evaluation, and continual improvement. 3 of 6 requirements demonstrate direct keyword alignment to this standard: P.AC.M-03-req-02 (Governance Artifacts: Maintain explanation artifacts, modeling assumptions, and rationale in model/system cards.) -- matched terms: governance"
P.AC.S-01,Art. 17 / Cl. 7-8 - QMS Support & Operations,"ARISE control Datasets & Tagging (PROTECT) maps to Art. 17 / Cl. 7-8 - QMS Support & Operations of prEN 18286, which covers quality management system (QMS) requirements for HRAIS covering context, leadership, planning, support, operations, performance evaluation, and continual improvement. 2 of 7 requirements demonstrate direct keyword alignment to this standard: P.AC.S-01-req-05 (User-Generated Data Governance: Moderate/cleanse UGC; define retention, consent, and redaction policies.) -- matched terms: governance"
P.AC.S-02,Art. 17 / Cl. 7-8 - QMS Support & Operations,"ARISE control AI-Specific Attack Vectors (PROTECT) maps to Art. 17 / Cl. 7-8 - QMS Support & Operations of prEN 18286, which covers quality management system (QMS) requirements for HRAIS covering context, leadership, planning, support, operations, performance evaluation, and continual improvement. 1 of 8 requirements demonstrate direct keyword alignment to this standard: P.AC.S-02-req-01 (Input/Output Guardrails: Content filtering, policy/guard prompts, output sanitization; prevent chain-of-thought leakage.) -- matched terms: policy. These requirements substantively address prEN 18286 obligations at the individual requirement level, confirming strong traceability."
P.AT-01,Art. 17 / Cl. 7-8 - QMS Support & Operations,"ARISE control AI Training (PROTECT) maps to Art. 17 / Cl. 7-8 - QMS Support & Operations of prEN 18286, which covers quality management system (QMS) requirements for HRAIS covering context, leadership, planning, support, operations, performance evaluation, and continual improvement. 4 of 7 requirements demonstrate direct keyword alignment to this standard: P.AT-01-req-01 (Accountability: Managers ensure team completion; HR tracks compliance.) -- matched terms: accountability"
P.AT-02,Art. 17 / Cl. 7-8 - QMS Support & Operations,"ARISE control Cybersecurity Training (PROTECT) maps to Art. 17 / Cl. 7-8 - QMS Support & Operations of prEN 18286, which covers quality management system (QMS) requirements for HRAIS covering context, leadership, planning, support, operations, performance evaluation, and continual improvement. The control addresses: Establish foundational and advanced security awareness to mitigate phishing, social-engineering, malware, and insider threats.. None of the 5 individual requirements contain explicit keyword matches to prEN 18286 terminology. The mapping is established at the control level based on overall subject matter and domain alignment. This represents a traceability gap at the requirement level -- consider adding explicit prEN 18286 language to one or more requirements to strengthen direct traceability."
P.AT-03,"Art. 17 / Cl. 4-6 - QMS Context, Leadership & Planning","ARISE control Governance Training (PROTECT) maps to Art. 17 / Cl. 4-6 - QMS Context, Leadership & Planning of prEN 18286, which covers quality management system (QMS) requirements for HRAIS covering context, leadership, planning, support, operations, performance evaluation, and continual improvement. 5 of 6 requirements demonstrate direct keyword alignment to this standard: P.AT-03-req-01 (Governance training overview within 90 days of appointment.) -- matched terms: governance"
P.DS-01,Art. 17 / Cl. 7-8 - QMS Support & Operations,"ARISE control Classification & Handling (PROTECT) maps to Art. 17 / Cl. 7-8 - QMS Support & Operations of prEN 18286, which covers quality management system (QMS) requirements for HRAIS covering context, leadership, planning, support, operations, performance evaluation, and continual improvement. 2 of 8 requirements demonstrate direct keyword alignment to this standard: P.DS-01-req-03 (Handling Procedures: Define approved transfer, sharing, and destruction methods.) -- matched terms: procedure"
P.DS-02,Art. 17 / Cl. 7-8 - QMS Support & Operations,"ARISE control Cryptographic Management (PROTECT) maps to Art. 17 / Cl. 7-8 - QMS Support & Operations of prEN 18286, which covers quality management system (QMS) requirements for HRAIS covering context, leadership, planning, support, operations, performance evaluation, and continual improvement. 1 of 6 requirements demonstrate direct keyword alignment to this standard: P.DS-02-req-03 (Algorithm Standards: Use FIPS-validated or equivalent ciphers; maintain crypto-agility plan.) -- matched terms: standard. These requirements substantively address prEN 18286 obligations at the individual requirement level, confirming strong traceability."
P.ES,Art. 17 / Cl. 9 - QMS Performance Evaluation,"ARISE control Endpoint Security (PROTECT) maps to Art. 17 / Cl. 9 - QMS Performance Evaluation of prEN 18286, which covers quality management system (QMS) requirements for HRAIS covering context, leadership, planning, support, operations, performance evaluation, and continual improvement. The control addresses: Harden and continuously monitor endpoints (user devices, servers, containers, edge nodes) to prevent malware, credential theft, and data loss, including protection of local model caches and embeddings.. None of the 9 individual requirements contain explicit keyword matches to prEN 18286 terminology. The mapping is established at the control level based on overall subject matter and domain alignment. This represents a traceability gap at the requirement level -- consider adding explicit prEN 18286 language to one or more requirements to strengthen direct traceability."
P.IM,Art. 17 / Cl. 7-8 - QMS Support & Operations,"ARISE control Identity Management (PROTECT) maps to Art. 17 / Cl. 7-8 - QMS Support & Operations of prEN 18286, which covers quality management system (QMS) requirements for HRAIS covering context, leadership, planning, support, operations, performance evaluation, and continual improvement. 3 of 10 requirements demonstrate direct keyword alignment to this standard: P.IM-req-01 (Access Provisioning: Use RBAC/ABAC; require approvals, documented justifications, and auto-revocation on role change or termination.) -- matched terms: document"
P.NS,Art. 17 / Cl. 7-8 - QMS Support & Operations,"ARISE control Network Security (PROTECT) maps to Art. 17 / Cl. 7-8 - QMS Support & Operations of prEN 18286, which covers quality management system (QMS) requirements for HRAIS covering context, leadership, planning, support, operations, performance evaluation, and continual improvement. 1 of 7 requirements demonstrate direct keyword alignment to this standard: P.NS-req-04 (Egress Governance: Default deny outbound; curated egress; DLP and DNS filtering; model-endpoint exfil heuristics.) -- matched terms: governance. These requirements substantively address prEN 18286 obligations at the individual requirement level, confirming strong traceability."
P.PC,"Art. 17 / Cl. 4-6 - QMS Context, Leadership & Planning","ARISE control Privacy Controls (PROTECT) maps to Art. 17 / Cl. 4-6 - QMS Context, Leadership & Planning of prEN 18286, which covers quality management system (QMS) requirements for HRAIS covering context, leadership, planning, support, operations, performance evaluation, and continual improvement. The control addresses: Protect personal and sensitive information by embedding privacy-enhancing technologies and governance in all systems.. None of the 7 individual requirements contain explicit keyword matches to prEN 18286 terminology. The mapping is established at the control level based on overall subject matter and domain alignment. This represents a traceability gap at the requirement level -- consider adding explicit prEN 18286 language to one or more requirements to strengthen direct traceability."
P.PS,Art. 17 / Cl. 7-8 - QMS Support & Operations,"ARISE control Platform Security (PROTECT) maps to Art. 17 / Cl. 7-8 - QMS Support & Operations of prEN 18286, which covers quality management system (QMS) requirements for HRAIS covering context, leadership, planning, support, operations, performance evaluation, and continual improvement. 3 of 8 requirements demonstrate direct keyword alignment to this standard: P.PS-req-01 (Configuration Baselines: CIS benchmarks; preventive guardrails (policy-as-code) enforced in IaC and cloud policy engines.) -- matched terms: policy"
P.PY-01,Art. 17 / Cl. 7-8 - QMS Support & Operations,"ARISE control Access Controls (PROTECT) maps to Art. 17 / Cl. 7-8 - QMS Support & Operations of prEN 18286, which covers quality management system (QMS) requirements for HRAIS covering context, leadership, planning, support, operations, performance evaluation, and continual improvement. The control addresses: Prevent unauthorized physical access to facilities, secure areas, and media.. None of the 4 individual requirements contain explicit keyword matches to prEN 18286 terminology. The mapping is established at the control level based on overall subject matter and domain alignment. This represents a traceability gap at the requirement level -- consider adding explicit prEN 18286 language to one or more requirements to strengthen direct traceability."
P.PY-02,Art. 17 / Cl. 7-8 - QMS Support & Operations,"ARISE control Environment Controls (PROTECT) maps to Art. 17 / Cl. 7-8 - QMS Support & Operations of prEN 18286, which covers quality management system (QMS) requirements for HRAIS covering context, leadership, planning, support, operations, performance evaluation, and continual improvement. The control addresses: Protect assets against environmental hazards and facility failures.. None of the 4 individual requirements contain explicit keyword matches to prEN 18286 terminology. The mapping is established at the control level based on overall subject matter and domain alignment. This represents a traceability gap at the requirement level -- consider adding explicit prEN 18286 language to one or more requirements to strengthen direct traceability."
P.PY-03,Art. 17 / Cl. 7-8 - QMS Support & Operations,"ARISE control Safety & Security (PROTECT) maps to Art. 17 / Cl. 7-8 - QMS Support & Operations of prEN 18286, which covers quality management system (QMS) requirements for HRAIS covering context, leadership, planning, support, operations, performance evaluation, and continual improvement. 3 of 4 requirements demonstrate direct keyword alignment to this standard: P.PY-03-req-01 (Emergency Procedures: Evacuation routes, muster protocols, emergency communications.) -- matched terms: procedure"
P.RC,"Art. 17 / Cl. 4-6 - QMS Context, Leadership & Planning","ARISE control Resilience Controls (PROTECT) maps to Art. 17 / Cl. 4-6 - QMS Context, Leadership & Planning of prEN 18286, which covers quality management system (QMS) requirements for HRAIS covering context, leadership, planning, support, operations, performance evaluation, and continual improvement. 1 of 10 requirements demonstrate direct keyword alignment to this standard: P.RC-req-06 (Dependency Resilience: Document dependencies; alternate providers or read-only/queueing modes for upstream degradation.) -- matched terms: document. These requirements substantively address prEN 18286 obligations at the individual requirement level, confirming strong traceability."
P.RP-01,Art. 17 / Cl. 7-8 - QMS Support & Operations,"ARISE control Business Continuity (PROTECT) maps to Art. 17 / Cl. 7-8 - QMS Support & Operations of prEN 18286, which covers quality management system (QMS) requirements for HRAIS covering context, leadership, planning, support, operations, performance evaluation, and continual improvement. 2 of 6 requirements demonstrate direct keyword alignment to this standard: P.RP-01-req-03 (Validated Workarounds: Annual continuity tests; documented workarounds validated.) -- matched terms: document"
P.RP-02,Art. 17 / Cl. 7-8 - QMS Support & Operations,"ARISE control Disaster Recovery (PROTECT) maps to Art. 17 / Cl. 7-8 - QMS Support & Operations of prEN 18286, which covers quality management system (QMS) requirements for HRAIS covering context, leadership, planning, support, operations, performance evaluation, and continual improvement. 2 of 6 requirements demonstrate direct keyword alignment to this standard: P.RP-02-req-04 (Documentation & Drills: DR runbooks; semi-annual drills; vendor DR evidence for critical SaaS.) -- matched terms: document"
P.SC,Art. 17 / Cl. 7-8 - QMS Support & Operations,"ARISE control Supply Chain (PROTECT) maps to Art. 17 / Cl. 7-8 - QMS Support & Operations of prEN 18286, which covers quality management system (QMS) requirements for HRAIS covering context, leadership, planning, support, operations, performance evaluation, and continual improvement. 1 of 7 requirements demonstrate direct keyword alignment to this standard: P.SC-req-02 (SBOM/MBOM: Require and verify; track vulnerabilities; enforce policy exceptions with expiry.) -- matched terms: policy. These requirements substantively address prEN 18286 obligations at the individual requirement level, confirming strong traceability."
P.SD,Art. 17 / Cl. 7-8 - QMS Support & Operations,"ARISE control Secure Development (PROTECT) maps to Art. 17 / Cl. 7-8 - QMS Support & Operations of prEN 18286, which covers quality management system (QMS) requirements for HRAIS covering context, leadership, planning, support, operations, performance evaluation, and continual improvement. 3 of 10 requirements demonstrate direct keyword alignment to this standard: P.SD-req-01 (Policy & Standards: Secure coding standards; IaC policies; dependency policies; model packaging standards.) -- matched terms: policy, standard"
D.AD,Art. 17 / Cl. 8 - QMS Operational Controls,"ARISE control Anomaly Detection (DETECT) maps to Art. 17 / Cl. 8 - QMS Operational Controls of prEN 18286, which covers quality management system (QMS) requirements for HRAIS covering context, leadership, planning, support, operations, performance evaluation, and continual improvement. The control addresses: Detect unusual system, data, or AI behavior through statistical, heuristic, and machine learning models to prevent or mitigate emerging threats.. None of the 6 individual requirements contain explicit keyword matches to prEN 18286 terminology. The mapping is established at the control level based on overall subject matter and domain alignment. This represents a traceability gap at the requirement level -- consider adding explicit prEN 18286 language to one or more requirements to strengthen direct traceability."
D.CM,"Art. 17 / Cl. 4-6 - QMS Context, Leadership & Planning","ARISE control Continuous Monitoring (DETECT) maps to Art. 17 / Cl. 4-6 - QMS Context, Leadership & Planning of prEN 18286, which covers quality management system (QMS) requirements for HRAIS covering context, leadership, planning, support, operations, performance evaluation, and continual improvement. 2 of 8 requirements demonstrate direct keyword alignment to this standard: D.CM-req-05 (Retention & Integrity: Protect and retain monitoring data per regulatory and evidentiary standards.) -- matched terms: standard"
D.ID,Art. 17 / Cl. 8 - QMS Operational Controls,"ARISE control IOC Detection (DETECT) maps to Art. 17 / Cl. 8 - QMS Operational Controls of prEN 18286, which covers quality management system (QMS) requirements for HRAIS covering context, leadership, planning, support, operations, performance evaluation, and continual improvement. The control addresses: Identify and respond to Indicators of Compromise (IOCs) that signal potential intrusion or malicious activity across enterprise and AI systems.. None of the 7 individual requirements contain explicit keyword matches to prEN 18286 terminology. The mapping is established at the control level based on overall subject matter and domain alignment. This represents a traceability gap at the requirement level -- consider adding explicit prEN 18286 language to one or more requirements to strengthen direct traceability."
D.IM,Art. 17 / Cl. 8 - QMS Operational Controls,"ARISE control Incident Management (DETECT) maps to Art. 17 / Cl. 8 - QMS Operational Controls of prEN 18286, which covers quality management system (QMS) requirements for HRAIS covering context, leadership, planning, support, operations, performance evaluation, and continual improvement. 1 of 6 requirements demonstrate direct keyword alignment to this standard: D.IM-req-05 (AI Forensic Capture: Implement procedures to freeze and export the specific model version, weights, and inference telemetry (input/output/metadata) involved in an incident to enable deterministic replay and analysis in a secure environment.) -- matched terms: procedure. These requirements substantively address prEN 18286 obligations at the individual requirement level, confirming strong traceability."
D.MT,Art. 17 / Cl. 9 - QMS Performance Evaluation,"ARISE control Monitor Third Parties (DETECT) maps to Art. 17 / Cl. 9 - QMS Performance Evaluation of prEN 18286, which covers quality management system (QMS) requirements for HRAIS covering context, leadership, planning, support, operations, performance evaluation, and continual improvement. 2 of 6 requirements demonstrate direct keyword alignment to this standard: D.MT-req-04 (Ethical Oversight: Validate AI suppliers for fairness, transparency, and accountability practices.) -- matched terms: accountability, oversight"
D.SA-01,Art. 17 / Cl. 9 - QMS Performance Evaluation,"ARISE control Performing Security Assessments (DETECT) maps to Art. 17 / Cl. 9 - QMS Performance Evaluation of prEN 18286, which covers quality management system (QMS) requirements for HRAIS covering context, leadership, planning, support, operations, performance evaluation, and continual improvement. 2 of 6 requirements demonstrate direct keyword alignment to this standard: D.SA-01-req-03 (Fully Documented Testing Program: Conduct vulnerability, code(e.g., SAST, DAST, IAST, SCA...) tests.) -- matched terms: document"
D.SA-02,Art. 17 / Cl. 8 - QMS Operational Controls,"ARISE control Penetration Testing (DETECT) maps to Art. 17 / Cl. 8 - QMS Operational Controls of prEN 18286, which covers quality management system (QMS) requirements for HRAIS covering context, leadership, planning, support, operations, performance evaluation, and continual improvement. 3 of 6 requirements demonstrate direct keyword alignment to this standard: D.SA-02-req-01 (Define annual scope covering both standard infrastructure (Cloud, API) and AI components (Models, RAG pipelines, Training Data).) -- matched terms: scope, standard"
D.SA-03,Art. 17 / Cl. 8 - QMS Operational Controls,"ARISE control Vulnerability Testing (DETECT) maps to Art. 17 / Cl. 8 - QMS Operational Controls of prEN 18286, which covers quality management system (QMS) requirements for HRAIS covering context, leadership, planning, support, operations, performance evaluation, and continual improvement. 1 of 7 requirements demonstrate direct keyword alignment to this standard: D.SA-03-req-02 (Scope: Maintain an automated inventory of all assets (Cloud, On-prem) and AI artifacts (Model Registries, Training Servers) to ensure 100% coverage.) -- matched terms: scope. These requirements substantively address prEN 18286 obligations at the individual requirement level, confirming strong traceability."
D.SA-04,Art. 17 / Cl. 8 - QMS Operational Controls,"ARISE control Tabletop Exercises (BCDR) (DETECT) maps to Art. 17 / Cl. 8 - QMS Operational Controls of prEN 18286, which covers quality management system (QMS) requirements for HRAIS covering context, leadership, planning, support, operations, performance evaluation, and continual improvement. 2 of 7 requirements demonstrate direct keyword alignment to this standard: D.SA-04-req-05 (Document Lessons Learned and assign corrective actions (CAPA) with deadlines.) -- matched terms: document"
D.SA-05,Art. 17 / Cl. 8 - QMS Operational Controls,"ARISE control Code Scanning (DETECT) maps to Art. 17 / Cl. 8 - QMS Operational Controls of prEN 18286, which covers quality management system (QMS) requirements for HRAIS covering context, leadership, planning, support, operations, performance evaluation, and continual improvement. 4 of 8 requirements demonstrate direct keyword alignment to this standard: D.SA-05-req-01 (Defined the No-Go policy: Critical severity findings must fail the CI/CD build automatically (Blocking Gate).) -- matched terms: policy"
D.TI,Art. 17 / Cl. 8 - QMS Operational Controls,"ARISE control Threat Intelligence (DETECT) maps to Art. 17 / Cl. 8 - QMS Operational Controls of prEN 18286, which covers quality management system (QMS) requirements for HRAIS covering context, leadership, planning, support, operations, performance evaluation, and continual improvement. 1 of 7 requirements demonstrate direct keyword alignment to this standard: D.TI-req-05 (Adversarial AI TTP Mapping: Map incoming threat intelligence to the MITRE ATLAS framework to identify specific tactics, techniques, and procedures (TTPs) targeting the organization's AI model lifecycle and inference endpoints.) -- matched terms: procedure. These requirements substantively address prEN 18286 obligations at the individual requirement level, confirming strong traceability."
R.IC.E-01,Art. 17 / Cl. 8 - QMS Operational Controls,"ARISE control Regulatory Reporting (RESPOND) maps to Art. 17 / Cl. 8 - QMS Operational Controls of prEN 18286, which covers quality management system (QMS) requirements for HRAIS covering context, leadership, planning, support, operations, performance evaluation, and continual improvement. 3 of 6 requirements demonstrate direct keyword alignment to this standard: R.IC.E-01-req-02 (Deadline Tracking: Track deadlines and maintain submission evidence for audit (e.g., email receipts, portal screenshots).) -- matched terms: mission"
R.IC.E-02,Art. 17 / Cl. 8 - QMS Operational Controls,"ARISE control Law Enforcement Partners (RESPOND) maps to Art. 17 / Cl. 8 - QMS Operational Controls of prEN 18286, which covers quality management system (QMS) requirements for HRAIS covering context, leadership, planning, support, operations, performance evaluation, and continual improvement. 2 of 6 requirements demonstrate direct keyword alignment to this standard: R.IC.E-02-req-03 (Evidence Integrity: Preserve digital evidence and maintain strict chain-of-custody documentation.) -- matched terms: document"
R.IC.E-03,Art. 17 / Cl. 8 - QMS Operational Controls,"ARISE control Information-Sharing Communities (RESPOND) maps to Art. 17 / Cl. 8 - QMS Operational Controls of prEN 18286, which covers quality management system (QMS) requirements for HRAIS covering context, leadership, planning, support, operations, performance evaluation, and continual improvement. 3 of 6 requirements demonstrate direct keyword alignment to this standard: R.IC.E-03-req-01 (Sharing Policy: Develop information-sharing policies covering classification, anonymization, and disclosure approval.) -- matched terms: policy"
R.IC.E-04,Art. 17 / Cl. 8 - QMS Operational Controls,"ARISE control Privacy Notification Requirements (RESPOND) maps to Art. 17 / Cl. 8 - QMS Operational Controls of prEN 18286, which covers quality management system (QMS) requirements for HRAIS covering context, leadership, planning, support, operations, performance evaluation, and continual improvement. 2 of 6 requirements demonstrate direct keyword alignment to this standard: R.IC.E-04-req-01 (Coordination: Coordinate with Legal, DPO, and Privacy Office to determine notification scope and method.) -- matched terms: scope"
R.IC.I-01,Art. 17 / Cl. 8 - QMS Operational Controls,"ARISE control Personnel (RESPOND) maps to Art. 17 / Cl. 8 - QMS Operational Controls of prEN 18286, which covers quality management system (QMS) requirements for HRAIS covering context, leadership, planning, support, operations, performance evaluation, and continual improvement. 1 of 7 requirements demonstrate direct keyword alignment to this standard: R.IC.I-01-req-02 (Standardized Templates: Maintain standardized internal communication templates for incident alerts and updates.) -- matched terms: standard. These requirements substantively address prEN 18286 obligations at the individual requirement level, confirming strong traceability."
R.IC.I-02,Art. 17 / Cl. 8 - QMS Operational Controls,"ARISE control Top Management (RESPOND) maps to Art. 17 / Cl. 8 - QMS Operational Controls of prEN 18286, which covers quality management system (QMS) requirements for HRAIS covering context, leadership, planning, support, operations, performance evaluation, and continual improvement. 3 of 7 requirements demonstrate direct keyword alignment to this standard: R.IC.I-02-req-01 (Briefing Content: Summarize incident scope, regulatory exposure, and reputational impact.) -- matched terms: scope"
R.IC.I-03,Art. 17 / Cl. 8 - QMS Operational Controls,"ARISE control Incident Response Team (RESPOND) maps to Art. 17 / Cl. 8 - QMS Operational Controls of prEN 18286, which covers quality management system (QMS) requirements for HRAIS covering context, leadership, planning, support, operations, performance evaluation, and continual improvement. 1 of 7 requirements demonstrate direct keyword alignment to this standard: R.IC.I-03-req-02 (Secure Channels: Use secure, dedicated collaboration platforms (e.g., encrypted signal/wire, separate Slack workspace) for IR coordination, distinct from standard corporate comms.) -- matched terms: standard. These requirements substantively address prEN 18286 obligations at the individual requirement level, confirming strong traceability."
R.IC.P,Art. 17 / Cl. 8 - QMS Operational Controls,"ARISE control Public Updates / Disclosures (RESPOND) maps to Art. 17 / Cl. 8 - QMS Operational Controls of prEN 18286, which covers quality management system (QMS) requirements for HRAIS covering context, leadership, planning, support, operations, performance evaluation, and continual improvement. 2 of 7 requirements demonstrate direct keyword alignment to this standard: R.IC.P-req-03 (Predefined Templates: Use predefined media templates and Q&A documents (holding statements) for various scenarios (e.g., Ransomware, Data Leak, AI Bias Event).) -- matched terms: document"
R.IC.R,Art. 17 / Cl. 8 - QMS Operational Controls,"ARISE control Recovery Activity & Restoration (RESPOND) maps to Art. 17 / Cl. 8 - QMS Operational Controls of prEN 18286, which covers quality management system (QMS) requirements for HRAIS covering context, leadership, planning, support, operations, performance evaluation, and continual improvement. 1 of 6 requirements demonstrate direct keyword alignment to this standard: R.IC.R-req-01 (Communication Plans: Implement customer communication plans aligned to business continuity and disaster recovery procedures.) -- matched terms: procedure. These requirements substantively address prEN 18286 obligations at the individual requirement level, confirming strong traceability."
R.IM-01,Art. 17 / Cl. 8 - QMS Operational Controls,"ARISE control Containment (RESPOND) maps to Art. 17 / Cl. 8 - QMS Operational Controls of prEN 18286, which covers quality management system (QMS) requirements for HRAIS covering context, leadership, planning, support, operations, performance evaluation, and continual improvement. 2 of 8 requirements demonstrate direct keyword alignment to this standard: R.IM-01-req-03 (Verification: Validate that containment succeeded and document all actions.) -- matched terms: document"
R.IM-02,Art. 17 / Cl. 8 - QMS Operational Controls,"ARISE control Eradication (RESPOND) maps to Art. 17 / Cl. 8 - QMS Operational Controls of prEN 18286, which covers quality management system (QMS) requirements for HRAIS covering context, leadership, planning, support, operations, performance evaluation, and continual improvement. 2 of 7 requirements demonstrate direct keyword alignment to this standard: R.IM-02-req-04 (Documentation: Record eradication steps, validation outcomes, and responsible owners.) -- matched terms: document"
R.IM-03,Art. 17 / Cl. 8 - QMS Operational Controls,"ARISE control Disaster Recovery (RESPOND) maps to Art. 17 / Cl. 8 - QMS Operational Controls of prEN 18286, which covers quality management system (QMS) requirements for HRAIS covering context, leadership, planning, support, operations, performance evaluation, and continual improvement. 2 of 6 requirements demonstrate direct keyword alignment to this standard: R.IM-03-req-01 (Restore Procedures: Maintain tested restore runbooks for systems, models, and datasets; verify signatures before redeployment.) -- matched terms: procedure"
R.IM-04,"Art. 17 / Cl. 4-6 - QMS Context, Leadership & Planning","ARISE control Business Continuity (RESPOND) maps to Art. 17 / Cl. 4-6 - QMS Context, Leadership & Planning of prEN 18286, which covers quality management system (QMS) requirements for HRAIS covering context, leadership, planning, support, operations, performance evaluation, and continual improvement. 2 of 6 requirements demonstrate direct keyword alignment to this standard: R.IM-04-req-03 (Alternate Procedures: Enable manual service delivery or rerouting to unaffected regions/systems.) -- matched terms: procedure"
R.IR-01,Art. 17 / Cl. 8 - QMS Operational Controls,"ARISE control Incident Response: AI (RESPOND) maps to Art. 17 / Cl. 8 - QMS Operational Controls of prEN 18286, which covers quality management system (QMS) requirements for HRAIS covering context, leadership, planning, support, operations, performance evaluation, and continual improvement. 3 of 10 requirements demonstrate direct keyword alignment to this standard: R.IR-01-req-03 (Containment & Recovery: Disable endpoints, roll back models, or revoke model access tokens. Document and isolate affected artifacts and datasets.) -- matched terms: document"
R.IR-02,Art. 17 / Cl. 8 - QMS Operational Controls,"ARISE control Incident Response: Cybersecurity (RESPOND) maps to Art. 17 / Cl. 8 - QMS Operational Controls of prEN 18286, which covers quality management system (QMS) requirements for HRAIS covering context, leadership, planning, support, operations, performance evaluation, and continual improvement. The control addresses: Coordinate technical response to cybersecurity incidents across infrastructure, endpoints, networks, applications, and third-party systems to limit impact and restore operations.. None of the 8 individual requirements contain explicit keyword matches to prEN 18286 terminology. The mapping is established at the control level based on overall subject matter and domain alignment. This represents a traceability gap at the requirement level -- consider adding explicit prEN 18286 language to one or more requirements to strengthen direct traceability."
R.IR-03,Art. 17 / Cl. 8 - QMS Operational Controls,"ARISE control Incident Response: Privacy (RESPOND) maps to Art. 17 / Cl. 8 - QMS Operational Controls of prEN 18286, which covers quality management system (QMS) requirements for HRAIS covering context, leadership, planning, support, operations, performance evaluation, and continual improvement. 2 of 7 requirements demonstrate direct keyword alignment to this standard: R.IR-03-req-02 (Notification & Reporting: File regulator notices within statutory deadlines (e.g., 72h); notify affected subjects. DPO oversight is mandatory.) -- matched terms: oversight"
R.LL,Art. 17 / Cl. 8 - QMS Operational Controls,"ARISE control Incident Lessons Learned (RESPOND) maps to Art. 17 / Cl. 8 - QMS Operational Controls of prEN 18286, which covers quality management system (QMS) requirements for HRAIS covering context, leadership, planning, support, operations, performance evaluation, and continual improvement. 4 of 6 requirements demonstrate direct keyword alignment to this standard: R.LL-req-02 (Root Cause Analysis (RCA): Document systemic, procedural, or human contributors; prioritize recurring control gaps (using 5 Whys or Fishbone).) -- matched terms: document"
V.AD-01,"Art. 17 / Cl. 4-6 - QMS Context, Leadership & Planning","ARISE control External Audit: AI Audit (VALIDATE) maps to Art. 17 / Cl. 4-6 - QMS Context, Leadership & Planning of prEN 18286, which covers quality management system (QMS) requirements for HRAIS covering context, leadership, planning, support, operations, performance evaluation, and continual improvement. 3 of 6 requirements demonstrate direct keyword alignment to this standard: V.AD-01-req-02 (Audit Readiness: Curate policy sets, inventories, TEVV artifacts, evaluation/verification/validation packages, and incident logs; appoint liaison and evidence owners.) -- matched terms: policy"
V.AD-02,Art. 17 / Cl. 9 - QMS Performance Evaluation,"ARISE control External Audit: Security Audit (VALIDATE) maps to Art. 17 / Cl. 9 - QMS Performance Evaluation of prEN 18286, which covers quality management system (QMS) requirements for HRAIS covering context, leadership, planning, support, operations, performance evaluation, and continual improvement. The control addresses: Gain independent validation of ISMS and cybersecurity posture (e.g., certification or attestation) to enhance trust and demonstrate control effectiveness.. None of the 4 individual requirements contain explicit keyword matches to prEN 18286 terminology. The mapping is established at the control level based on overall subject matter and domain alignment. This represents a traceability gap at the requirement level -- consider adding explicit prEN 18286 language to one or more requirements to strengthen direct traceability."
V.CI-01,Art. 17 / Cl. 10 - QMS Improvement,"ARISE control Reporting Channels (VALIDATE) maps to Art. 17 / Cl. 10 - QMS Improvement of prEN 18286, which covers quality management system (QMS) requirements for HRAIS covering context, leadership, planning, support, operations, performance evaluation, and continual improvement. 2 of 6 requirements demonstrate direct keyword alignment to this standard: V.CI-01-req-02 (Triage & SLAs: Categorize reports (security, privacy, ethics, product safety); set response/acknowledgement SLAs; track every submission to closure.) -- matched terms: mission"
V.CI-02,"Art. 17 / Cl. 4-6 - QMS Context, Leadership & Planning","ARISE control Internal Audit: AI Audit (VALIDATE) maps to Art. 17 / Cl. 4-6 - QMS Context, Leadership & Planning of prEN 18286, which covers quality management system (QMS) requirements for HRAIS covering context, leadership, planning, support, operations, performance evaluation, and continual improvement. 3 of 6 requirements demonstrate direct keyword alignment to this standard: V.CI-02-req-01 (Risk-Based Plan: Annual AI audit plan focusing on high-impact systems and recent changes; align scope to risk register.) -- matched terms: scope"
V.CI-03,Art. 17 / Cl. 9 - QMS Performance Evaluation,"ARISE control Internal Audit: Security Audit (VALIDATE) maps to Art. 17 / Cl. 9 - QMS Performance Evaluation of prEN 18286, which covers quality management system (QMS) requirements for HRAIS covering context, leadership, planning, support, operations, performance evaluation, and continual improvement. 1 of 6 requirements demonstrate direct keyword alignment to this standard: V.CI-03-req-02 (Control Testing: Walkthroughs, design tests, re-performance, and sampling; verify evidence quality and retention.) -- matched terms: quality. These requirements substantively address prEN 18286 obligations at the individual requirement level, confirming strong traceability."
V.IA,"Art. 17 / Cl. 4-6 - QMS Context, Leadership & Planning","ARISE control Internal Audit (VALIDATE) maps to Art. 17 / Cl. 4-6 - QMS Context, Leadership & Planning of prEN 18286, which covers quality management system (QMS) requirements for HRAIS covering context, leadership, planning, support, operations, performance evaluation, and continual improvement. 4 of 5 requirements demonstrate direct keyword alignment to this standard: V.IA-req-01 (Charter & Independence: Audit function authorized by management and free from conflicts.) -- matched terms: charter"
V.TE-01,Art. 17 / Cl. 10 - QMS Improvement,"ARISE control Testing (VALIDATE) maps to Art. 17 / Cl. 10 - QMS Improvement of prEN 18286, which covers quality management system (QMS) requirements for HRAIS covering context, leadership, planning, support, operations, performance evaluation, and continual improvement. 2 of 8 requirements demonstrate direct keyword alignment to this standard: V.TE-01-req-04 (Change Governance: Require test evidence for change approvals; capture traceability between requirements, risks, tests, and outcomes; version-controlled and traceable via a documented QMS procedure.) -- matched terms: document, governance, procedure"
V.TE-02,Art. 17 / Cl. 10 - QMS Improvement,"ARISE control Evaluation (VALIDATE) maps to Art. 17 / Cl. 10 - QMS Improvement of prEN 18286, which covers quality management system (QMS) requirements for HRAIS covering context, leadership, planning, support, operations, performance evaluation, and continual improvement. 2 of 8 requirements demonstrate direct keyword alignment to this standard: V.TE-02-req-02 (Independence & Review: Peer review by evaluation specialists; escalation to governance committees for borderline cases.) -- matched terms: committee, governance"
V.TE-03,Art. 17 / Cl. 9 - QMS Performance Evaluation,"ARISE control Verification (VALIDATE) maps to Art. 17 / Cl. 9 - QMS Performance Evaluation of prEN 18286, which covers quality management system (QMS) requirements for HRAIS covering context, leadership, planning, support, operations, performance evaluation, and continual improvement. 3 of 8 requirements demonstrate direct keyword alignment to this standard: V.TE-03-req-01 (Requirements Traceability: Maintain bidirectional traceability across requirements - designs - tests - results; include policy and governance requirements (e.g., logging, retention, guardrails).) -- matched terms: governance, policy"
V.TE-04,Art. 17 / Cl. 10 - QMS Improvement,"ARISE control Validation (VALIDATE) maps to Art. 17 / Cl. 10 - QMS Improvement of prEN 18286, which covers quality management system (QMS) requirements for HRAIS covering context, leadership, planning, support, operations, performance evaluation, and continual improvement. 3 of 7 requirements demonstrate direct keyword alignment to this standard: V.TE-04-req-01 (Risk Gates & Go/No-Go: Define validation gates linked to risk appetite; require executive/governance approval when thresholds are marginal.) -- matched terms: governance"
