arise_control_id,prEN 18284 Reference,rationale
G.AC-01,Art. 10 - Data Quality & Governance,"ARISE control Top Management Commitment (GOVERN) maps to Art. 10 - Data Quality & Governance of prEN 18284, which covers AI data quality and governance including dataset requirements, bias controls, data lifecycle management, and data provenance obligations. 1 of 6 requirements demonstrate direct keyword alignment to this standard: G.AC-01-req-03 (Roles & Authorities: Appoint leaders for security, privacy, resilience, and AI governance with documented responsibilities.) -- matched terms: privacy. These requirements substantively address prEN 18284 obligations at the individual requirement level, confirming strong traceability."
G.AC-02,Art. 10 - Data Governance,"ARISE control Charters & Committees (GOVERN) maps to Art. 10 - Data Governance of prEN 18284, which covers AI data quality and governance including dataset requirements, bias controls, data lifecycle management, and data provenance obligations. 1 of 6 requirements demonstrate direct keyword alignment to this standard: G.AC-02-req-02 (Membership: Ensure cross-functional representation/independence; maintain rosters and COI declarations.) -- matched terms: representat. These requirements substantively address prEN 18284 obligations at the individual requirement level, confirming strong traceability."
G.AC-03,Art. 10 - Data Quality & Governance,"ARISE control Executive Leadership & Board Oversight (GOVERN) maps to Art. 10 - Data Quality & Governance of prEN 18284, which covers AI data quality and governance including dataset requirements, bias controls, data lifecycle management, and data provenance obligations. 1 of 6 requirements demonstrate direct keyword alignment to this standard: G.AC-03-req-05 (Competency: Provide education for directors on cyber, privacy, and AI risks.) -- matched terms: privacy. These requirements substantively address prEN 18284 obligations at the individual requirement level, confirming strong traceability."
G.GV.A-01,Art. 10 - Data Quality & Governance,"ARISE control Accountability (GOVERN) maps to Art. 10 - Data Quality & Governance of prEN 18284, which covers AI data quality and governance including dataset requirements, bias controls, data lifecycle management, and data provenance obligations. The control addresses: Ensure every AI decision/outcome has a traceable human owner with authority to act on risk findings.. None of the 4 individual requirements contain explicit keyword matches to prEN 18284 terminology. The mapping is established at the control level based on overall subject matter and domain alignment. This represents a traceability gap at the requirement level -- consider adding explicit prEN 18284 language to one or more requirements to strengthen direct traceability."
G.GV.A-02,Art. 10.3 - Bias Controls,"ARISE control Fairness (GOVERN) maps to Art. 10.3 - Bias Controls of prEN 18284, which covers AI data quality and governance including dataset requirements, bias controls, data lifecycle management, and data provenance obligations. 3 of 4 requirements demonstrate direct keyword alignment to this standard: G.GV.A-02-req-01 (Define fairness metrics and thresholds.) -- matched terms: fairness"
G.GV.A-03,Art. 10.3 - Bias Controls,"ARISE control Inclusivity (GOVERN) maps to Art. 10.3 - Bias Controls of prEN 18284, which covers AI data quality and governance including dataset requirements, bias controls, data lifecycle management, and data provenance obligations. 2 of 4 requirements demonstrate direct keyword alignment to this standard: G.GV.A-03-req-01 (Define inclusivity criteria for datasets and testing panels.) -- matched terms: data, dataset"
G.GV.A-04,Art. 10 - Data Quality & Governance,"ARISE control Cultural Considerations (GOVERN) maps to Art. 10 - Data Quality & Governance of prEN 18284, which covers AI data quality and governance including dataset requirements, bias controls, data lifecycle management, and data provenance obligations. The control addresses: Respect cultural norms and jurisdictional sensitivities in outputs, labeling, and UX; require contextual review before global deployments.. None of the 3 individual requirements contain explicit keyword matches to prEN 18284 terminology. The mapping is established at the control level based on overall subject matter and domain alignment. This represents a traceability gap at the requirement level -- consider adding explicit prEN 18284 language to one or more requirements to strengthen direct traceability."
G.GV.A-05,Art. 10.3 - Bias Controls,"ARISE control Tensions and Trade-offs (GOVERN) maps to Art. 10.3 - Bias Controls of prEN 18284, which covers AI data quality and governance including dataset requirements, bias controls, data lifecycle management, and data provenance obligations. The control addresses: Document trade-offs between accuracy, privacy, interpretability, and fairness; justify risk acceptance with leadership approval and transparent communication.. None of the 4 individual requirements contain explicit keyword matches to prEN 18284 terminology. The mapping is established at the control level based on overall subject matter and domain alignment. This represents a traceability gap at the requirement level -- consider adding explicit prEN 18284 language to one or more requirements to strengthen direct traceability."
G.GV.A-06,Art. 10 - Data Quality & Governance,"ARISE control Transparency (GOVERN) maps to Art. 10 - Data Quality & Governance of prEN 18284, which covers AI data quality and governance including dataset requirements, bias controls, data lifecycle management, and data provenance obligations. 1 of 4 requirements demonstrate direct keyword alignment to this standard: G.GV.A-06-req-04 (Content Provenance & Watermarking: Implement technical standards (e.g., C2PA) to cryptographically watermark AI-generated content, allowing downstream users to verify its origin and authenticity.) -- matched terms: cryptograph. These requirements substantively address prEN 18284 obligations at the individual requirement level, confirming strong traceability."
G.GV.C-01,Art. 10 - Data Governance,"ARISE control COC: Acceptable Use (GOVERN) maps to Art. 10 - Data Governance of prEN 18284, which covers AI data quality and governance including dataset requirements, bias controls, data lifecycle management, and data provenance obligations. 2 of 6 requirements demonstrate direct keyword alignment to this standard: G.GV.C-01-req-02 (User Responsibilities: Data confidentiality, password hygiene, incident reporting.) -- matched terms: data"
G.GV.C-02,Art. 10.3 - Bias Controls,"ARISE control COC: Data Ethics (GOVERN) maps to Art. 10.3 - Bias Controls of prEN 18284, which covers AI data quality and governance including dataset requirements, bias controls, data lifecycle management, and data provenance obligations. 3 of 6 requirements demonstrate direct keyword alignment to this standard: G.GV.C-02-req-01 (Data Ethics Principles: Define fairness, transparency, accountability, privacy, inclusivity.) -- matched terms: data, fairness, privacy"
G.GV.C-03,Art. 10.3 - Bias Controls,"ARISE control COC: Ethical Principles for AI & Tech (GOVERN) maps to Art. 10.3 - Bias Controls of prEN 18284, which covers AI data quality and governance including dataset requirements, bias controls, data lifecycle management, and data provenance obligations. 1 of 7 requirements demonstrate direct keyword alignment to this standard: G.GV.C-03-req-04 (Fairness Assessments: Quantitative/qualitative bias testing pre-deployment.) -- matched terms: bias, fairness. These requirements substantively address prEN 18284 obligations at the individual requirement level, confirming strong traceability."
G.GV.P-01,Art. 10 - Data Governance,"ARISE control Core Policies (GOVERN) maps to Art. 10 - Data Governance of prEN 18284, which covers AI data quality and governance including dataset requirements, bias controls, data lifecycle management, and data provenance obligations. The control addresses: Establish, maintain, and govern a cohesive suite of core policies across security, privacy, AI governance, ethics, and resilience.. None of the 8 individual requirements contain explicit keyword matches to prEN 18284 terminology. The mapping is established at the control level based on overall subject matter and domain alignment. This represents a traceability gap at the requirement level -- consider adding explicit prEN 18284 language to one or more requirements to strengthen direct traceability."
G.GV.P-02,Art. 10 - Data Quality & Governance,"ARISE control Security Policies (GOVERN) maps to Art. 10 - Data Quality & Governance of prEN 18284, which covers AI data quality and governance including dataset requirements, bias controls, data lifecycle management, and data provenance obligations. 1 of 6 requirements demonstrate direct keyword alignment to this standard: G.GV.P-02-req-04 (Exception Handling: Deviations only with compensating controls and risk acceptance.) -- matched terms: handling. These requirements substantively address prEN 18284 obligations at the individual requirement level, confirming strong traceability."
G.GV.P-03,Art. 10 - Data Quality & Governance,"ARISE control Response & Resilience Policies (GOVERN) maps to Art. 10 - Data Quality & Governance of prEN 18284, which covers AI data quality and governance including dataset requirements, bias controls, data lifecycle management, and data provenance obligations. The control addresses: Ensure preparedness, continuity, and rapid recovery via IR, BCP, and DR policies.. None of the 7 individual requirements contain explicit keyword matches to prEN 18284 terminology. The mapping is established at the control level based on overall subject matter and domain alignment. This represents a traceability gap at the requirement level -- consider adding explicit prEN 18284 language to one or more requirements to strengthen direct traceability."
G.GV.P-04,Art. 10 - Data Quality & Governance,"ARISE control AI Policies (GOVERN) maps to Art. 10 - Data Quality & Governance of prEN 18284, which covers AI data quality and governance including dataset requirements, bias controls, data lifecycle management, and data provenance obligations. 2 of 6 requirements demonstrate direct keyword alignment to this standard: G.GV.P-04-req-01 (Policy Components: Data governance, model development, transparency, human oversight, fairness, explainability, robustness, lifecycle monitoring.) -- matched terms: data, data governance, fairness"
G.GV.P-05,Art. 10 - Data Governance,"ARISE control Privacy Policies (GOVERN) maps to Art. 10 - Data Governance of prEN 18284, which covers AI data quality and governance including dataset requirements, bias controls, data lifecycle management, and data provenance obligations. 4 of 7 requirements demonstrate direct keyword alignment to this standard: G.GV.P-05-req-02 (Data Minimization: Collect only necessary attributes; define retention limits.) -- matched terms: data, retention"
G.GV.P-06,Art. 10.3 - Bias Controls,"ARISE control Ethics Policies (GOVERN) maps to Art. 10.3 - Bias Controls of prEN 18284, which covers AI data quality and governance including dataset requirements, bias controls, data lifecycle management, and data provenance obligations. 1 of 6 requirements demonstrate direct keyword alignment to this standard: G.GV.P-06-req-01 (Ethics Framework: Define core principles (respect, fairness, accountability, transparency, non-maleficence).) -- matched terms: fairness. These requirements substantively address prEN 18284 obligations at the individual requirement level, confirming strong traceability."
G.GV.P-07,Art. 10 - Data Quality & Governance,"ARISE control HR Policies (GOVERN) maps to Art. 10 - Data Quality & Governance of prEN 18284, which covers AI data quality and governance including dataset requirements, bias controls, data lifecycle management, and data provenance obligations. 1 of 6 requirements demonstrate direct keyword alignment to this standard: G.GV.P-07-req-06 (High-Value Role Management: Identify critical roles (e.g., AI Model Engineers, Database Admins) and apply enhanced personnel security (e.g., continuous background vetting, vacation mandates).) -- matched terms: data. These requirements substantively address prEN 18284 obligations at the individual requirement level, confirming strong traceability."
G.GV.P-08,Art. 10 - Data Governance,"ARISE control Supply-Chain Policies (GOVERN) maps to Art. 10 - Data Governance of prEN 18284, which covers AI data quality and governance including dataset requirements, bias controls, data lifecycle management, and data provenance obligations. 3 of 6 requirements demonstrate direct keyword alignment to this standard: G.GV.P-08-req-01 (Supplier Classification: Categorize suppliers by risk.) -- matched terms: classification"
G.GV.P-09,Art. 10.2 - Data Quality Requirements,"ARISE control Data-Governance Policies (GOVERN) maps to Art. 10.2 - Data Quality Requirements of prEN 18284, which covers AI data quality and governance including dataset requirements, bias controls, data lifecycle management, and data provenance obligations. 5 of 7 requirements demonstrate direct keyword alignment to this standard: G.GV.P-09-req-01 (Data Ownership: Assign owners/stewards for critical datasets.) -- matched terms: data, dataset"
G.GV.S-01,Art. 10 - Data Quality & Governance,"ARISE control Core Standards (GOVERN) maps to Art. 10 - Data Quality & Governance of prEN 18284, which covers AI data quality and governance including dataset requirements, bias controls, data lifecycle management, and data provenance obligations. The control addresses: Define and maintain organizational standards that operationalize policy commitments into measurable, auditable controls.. None of the 9 individual requirements contain explicit keyword matches to prEN 18284 terminology. The mapping is established at the control level based on overall subject matter and domain alignment. This represents a traceability gap at the requirement level -- consider adding explicit prEN 18284 language to one or more requirements to strengthen direct traceability."
G.GV.S-02,Art. 10 - Data Governance,"ARISE control Security Standards (GOVERN) maps to Art. 10 - Data Governance of prEN 18284, which covers AI data quality and governance including dataset requirements, bias controls, data lifecycle management, and data provenance obligations. 2 of 10 requirements demonstrate direct keyword alignment to this standard: G.GV.S-02-req-02 (Cryptographic Standards: Algorithms, key lengths, rotation, approved libraries.) -- matched terms: cryptograph"
G.GV.S-03,Art. 10 - Data Quality & Governance,"ARISE control Response & Resilience Standards (GOVERN) maps to Art. 10 - Data Quality & Governance of prEN 18284, which covers AI data quality and governance including dataset requirements, bias controls, data lifecycle management, and data provenance obligations. 2 of 7 requirements demonstrate direct keyword alignment to this standard: G.GV.S-03-req-1 (Response Activation Criteria: Thresholds for cyber, AI failure, privacy breach.) -- matched terms: privacy"
G.GV.S-04,Art. 10 - Data Governance,"ARISE control AI Standards (GOVERN) maps to Art. 10 - Data Governance of prEN 18284, which covers AI data quality and governance including dataset requirements, bias controls, data lifecycle management, and data provenance obligations. 6 of 9 requirements demonstrate direct keyword alignment to this standard: G.GV.S-04-req-01 (Documentation Standards: Standardized model cards (metadata, purpose, I/O, provenance, metrics, risk classification).) -- matched terms: classification, data"
G.LR-01,Art. 10 - Data Governance,"ARISE control Data Privacy Compliance (GOVERN) maps to Art. 10 - Data Governance of prEN 18284, which covers AI data quality and governance including dataset requirements, bias controls, data lifecycle management, and data provenance obligations. 5 of 9 requirements demonstrate direct keyword alignment to this standard: G.LR-01-req-01 (Legal Register by jurisdiction with mapped obligations (notice, consent, transfers, retention, breach).) -- matched terms: retention"
G.LR-02,Art. 10 - Data Governance,"ARISE control Intellectual Property (IP) Management (GOVERN) maps to Art. 10 - Data Governance of prEN 18284, which covers AI data quality and governance including dataset requirements, bias controls, data lifecycle management, and data provenance obligations. 2 of 9 requirements demonstrate direct keyword alignment to this standard: G.LR-02-req-01 (Confidentiality Agreements: NDAs for handling proprietary info.) -- matched terms: handling"
G.LR-03,Art. 10 - Data Quality & Governance,"ARISE control AI Regulatory Compliance (GOVERN) maps to Art. 10 - Data Quality & Governance of prEN 18284, which covers AI data quality and governance including dataset requirements, bias controls, data lifecycle management, and data provenance obligations. 3 of 8 requirements demonstrate direct keyword alignment to this standard: G.LR-03-req-05 (Technical Documentation: Model cards, data sheets, test results.) -- matched terms: data"
G.LR-04,Art. 10 - Data Quality & Governance,"ARISE control Cybersecurity Regulatory Compliance (GOVERN) maps to Art. 10 - Data Quality & Governance of prEN 18284, which covers AI data quality and governance including dataset requirements, bias controls, data lifecycle management, and data provenance obligations. 1 of 7 requirements demonstrate direct keyword alignment to this standard: G.LR-04-req-04 (Evidence Retention: Maintain logs, audit trails, pen-test reports.) -- matched terms: retention. These requirements substantively address prEN 18284 obligations at the individual requirement level, confirming strong traceability."
G.LR-05,Art. 10.3 - Bias Controls,"ARISE control Ethical Use, Fairness & Bias Compliance (GOVERN) maps to Art. 10.3 - Bias Controls of prEN 18284, which covers AI data quality and governance including dataset requirements, bias controls, data lifecycle management, and data provenance obligations. 6 of 8 requirements demonstrate direct keyword alignment to this standard: G.LR-05-req-01 (Transparency Controls: Document model purpose, limits, data sources.) -- matched terms: data"
G.OV,Art. 10 - Data Quality & Governance,"ARISE control Org Values & Governance (GOVERN) maps to Art. 10 - Data Quality & Governance of prEN 18284, which covers AI data quality and governance including dataset requirements, bias controls, data lifecycle management, and data provenance obligations. 1 of 7 requirements demonstrate direct keyword alignment to this standard: G.OV-req-01 (Values Definition & Governance: Define tenets (Accountability, Fairness, Inclusivity, Transparency, Integrity, Stewardship); leadership endorsement and annual reaffirmation.) -- matched terms: fairness. These requirements substantively address prEN 18284 obligations at the individual requirement level, confirming strong traceability."
G.PR-01,Art. 10 - Data Governance,"ARISE control Privacy Program (GOVERN) maps to Art. 10 - Data Governance of prEN 18284, which covers AI data quality and governance including dataset requirements, bias controls, data lifecycle management, and data provenance obligations. 8 of 11 requirements demonstrate direct keyword alignment to this standard: G.PR-01-req-01 (Governance Structure: Appoint DPO/privacy leader; define roles.) -- matched terms: privacy"
G.RM-01,Art. 10 - Data Governance,"ARISE control Risk Management Framework (GOVERN) maps to Art. 10 - Data Governance of prEN 18284, which covers AI data quality and governance including dataset requirements, bias controls, data lifecycle management, and data provenance obligations. 1 of 10 requirements demonstrate direct keyword alignment to this standard: G.RM-01-req-04 (Risk Taxonomy: Strategic, operational, cyber, privacy, AI, compliance, third-party.) -- matched terms: privacy. These requirements substantively address prEN 18284 obligations at the individual requirement level, confirming strong traceability."
G.RM-02,Art. 10 - Data Quality & Governance,"ARISE control Risk Appetite and Tolerance (GOVERN) maps to Art. 10 - Data Quality & Governance of prEN 18284, which covers AI data quality and governance including dataset requirements, bias controls, data lifecycle management, and data provenance obligations. 2 of 7 requirements demonstrate direct keyword alignment to this standard: G.RM-02-req-02 (Tolerance Metrics: Quantitative limits (loss thresholds, AI bias deviation).) -- matched terms: bias"
G.RM-03,Art. 10 - Data Quality & Governance,"ARISE control Risk Management Program: AI (GOVERN) maps to Art. 10 - Data Quality & Governance of prEN 18284, which covers AI data quality and governance including dataset requirements, bias controls, data lifecycle management, and data provenance obligations. 6 of 10 requirements demonstrate direct keyword alignment to this standard: G.RM-03-req-01 (AI Risk Framework: Ethical, technical, data, security, regulatory, societal.) -- matched terms: data"
G.RM-04,Art. 10 - Data Quality & Governance,"ARISE control Risk-Management Program: Cybersecurity (GOVERN) maps to Art. 10 - Data Quality & Governance of prEN 18284, which covers AI data quality and governance including dataset requirements, bias controls, data lifecycle management, and data provenance obligations. 1 of 10 requirements demonstrate direct keyword alignment to this standard: G.RM-04-req-08 (Integration with AI Systems: Include model/security/data-exfiltration threats.) -- matched terms: data. These requirements substantively address prEN 18284 obligations at the individual requirement level, confirming strong traceability."
G.RM-05,Art. 10 - Data Governance,"ARISE control Risk-Management Program: Third-Party (GOVERN) maps to Art. 10 - Data Governance of prEN 18284, which covers AI data quality and governance including dataset requirements, bias controls, data lifecycle management, and data provenance obligations. 4 of 9 requirements demonstrate direct keyword alignment to this standard: G.RM-05-req-01 (Vendor Classification by criticality/data/regulatory exposure.) -- matched terms: classification, data"
G.ST.B,Art. 10 - Data Quality & Governance,"ARISE control System Boundaries (GOVERN) maps to Art. 10 - Data Quality & Governance of prEN 18284, which covers AI data quality and governance including dataset requirements, bias controls, data lifecycle management, and data provenance obligations. 1 of 6 requirements demonstrate direct keyword alignment to this standard: G.ST.B-req-3 (Interface Control: Identify data flows/protocols between zones; require explicit allow rules and identity-aware controls.) -- matched terms: data. These requirements substantively address prEN 18284 obligations at the individual requirement level, confirming strong traceability."
G.ST.O-01,Art. 10 - Data Governance,"ARISE control Mission Statement (GOVERN) maps to Art. 10 - Data Governance of prEN 18284, which covers AI data quality and governance including dataset requirements, bias controls, data lifecycle management, and data provenance obligations. 2 of 7 requirements demonstrate direct keyword alignment to this standard: G.ST.O-01-req-1 (Mission Definition: Maintain a written mission statement that explains who is served, services/outcomes provided, and principles that guide trustworthy technology and data stewardship.) -- matched terms: data"
G.ST.O-02,Art. 10 - Data Quality & Governance,"ARISE control Goals & Context (GOVERN) maps to Art. 10 - Data Quality & Governance of prEN 18284, which covers AI data quality and governance including dataset requirements, bias controls, data lifecycle management, and data provenance obligations. The control addresses: Translate mission into concrete governance goals by evaluating internal/external context, stakeholder expectations, and constraints; ensure objectives are measurable and risk-informed.. None of the 6 individual requirements contain explicit keyword matches to prEN 18284 terminology. The mapping is established at the control level based on overall subject matter and domain alignment. This represents a traceability gap at the requirement level -- consider adding explicit prEN 18284 language to one or more requirements to strengthen direct traceability."
G.ST.S-01,Art. 10 - Data Quality & Governance,"ARISE control AI Scope (GOVERN) maps to Art. 10 - Data Quality & Governance of prEN 18284, which covers AI data quality and governance including dataset requirements, bias controls, data lifecycle management, and data provenance obligations. 2 of 6 requirements demonstrate direct keyword alignment to this standard: G.ST.S-01-req-3 (Lifecycle Coverage: Declare governed lifecycle stages (data, training, evaluation, deployment, monitoring, retirement).) -- matched terms: data"
G.ST.S-02,Art. 10 - Data Quality & Governance,"ARISE control Security Scope (GOVERN) maps to Art. 10 - Data Quality & Governance of prEN 18284, which covers AI data quality and governance including dataset requirements, bias controls, data lifecycle management, and data provenance obligations. 2 of 6 requirements demonstrate direct keyword alignment to this standard: G.ST.S-02-req-01 (In-Scope Asset Types: Define asset classes covered (including AI datasets/models, hardware, software, cloud resources).) -- matched terms: data, dataset"
G.ST.S-03,Art. 10 - Data Quality & Governance,"ARISE control Regulatory Scope (GOVERN) maps to Art. 10 - Data Quality & Governance of prEN 18284, which covers AI data quality and governance including dataset requirements, bias controls, data lifecycle management, and data provenance obligations. 1 of 5 requirements demonstrate direct keyword alignment to this standard: G.ST.S-03-req-3 (Evidence Strategy: Define required records, retention, and reporting triggers.) -- matched terms: retention. These requirements substantively address prEN 18284 obligations at the individual requirement level, confirming strong traceability."
M.CM,Art. 10 - Data Governance,"ARISE control Change Management (MANAGE) maps to Art. 10 - Data Governance of prEN 18284, which covers AI data quality and governance including dataset requirements, bias controls, data lifecycle management, and data provenance obligations. 1 of 8 requirements demonstrate direct keyword alignment to this standard: M.CM-req-04 (Model Lifecycle Control: Track model versioning, dataset hashes, and lineage metadata for AI systems.) -- matched terms: data, dataset. These requirements substantively address prEN 18284 obligations at the individual requirement level, confirming strong traceability."
M.DV-01,Art. 10 - Data Quality & Governance,"ARISE control AI System Lifecycle (MANAGE) maps to Art. 10 - Data Quality & Governance of prEN 18284, which covers AI data quality and governance including dataset requirements, bias controls, data lifecycle management, and data provenance obligations. 2 of 8 requirements demonstrate direct keyword alignment to this standard: M.DV-01-req-03 (Documentation Requirements: Require model cards, data sheets, and fairness/robustness testing reports.) -- matched terms: data, fairness"
M.DV-02,Art. 10 - Data Governance,"ARISE control Software Development Lifecycle (SDLC) (MANAGE) maps to Art. 10 - Data Governance of prEN 18284, which covers AI data quality and governance including dataset requirements, bias controls, data lifecycle management, and data provenance obligations. The control addresses: Embed secure coding, privacy, and responsible-AI practices in all software development.. None of the 7 individual requirements contain explicit keyword matches to prEN 18284 terminology. The mapping is established at the control level based on overall subject matter and domain alignment. This represents a traceability gap at the requirement level -- consider adding explicit prEN 18284 language to one or more requirements to strengthen direct traceability."
M.HR,Art. 10 - Data Quality & Governance,"ARISE control Human Resources (MANAGE) maps to Art. 10 - Data Quality & Governance of prEN 18284, which covers AI data quality and governance including dataset requirements, bias controls, data lifecycle management, and data provenance obligations. 2 of 7 requirements demonstrate direct keyword alignment to this standard: M.HR-req-06 (Training: Provide annual security, privacy, and AI ethics training.) -- matched terms: privacy"
M.OV-01,Art. 10.3 - Bias Controls,"ARISE control Ethics Oversight Committee (MANAGE) maps to Art. 10.3 - Bias Controls of prEN 18284, which covers AI data quality and governance including dataset requirements, bias controls, data lifecycle management, and data provenance obligations. 2 of 7 requirements demonstrate direct keyword alignment to this standard: M.OV-01-req-03 (Membership Composition: Ensure cross-functional participation including legal, HR, engineering, data science, and external advisors.) -- matched terms: data"
M.OV-02,Art. 10 - Data Governance,"ARISE control Privacy Oversight Committee (MANAGE) maps to Art. 10 - Data Governance of prEN 18284, which covers AI data quality and governance including dataset requirements, bias controls, data lifecycle management, and data provenance obligations. 6 of 7 requirements demonstrate direct keyword alignment to this standard: M.OV-02-req-01 (Charter & Authority: Define committee scope for privacy oversight.) -- matched terms: privacy"
M.OV-03,Art. 10 - Data Quality & Governance,"ARISE control Security Oversight Committee (MANAGE) maps to Art. 10 - Data Quality & Governance of prEN 18284, which covers AI data quality and governance including dataset requirements, bias controls, data lifecycle management, and data provenance obligations. 1 of 7 requirements demonstrate direct keyword alignment to this standard: M.OV-03-req-02 (Review of KRIs/KPIs: Evaluate risk, vulnerability trends, patch metrics, and incident data.) -- matched terms: data. These requirements substantively address prEN 18284 obligations at the individual requirement level, confirming strong traceability."
M.PM,Art. 10 - Data Governance,"ARISE control Performance Metrics (MANAGE) maps to Art. 10 - Data Governance of prEN 18284, which covers AI data quality and governance including dataset requirements, bias controls, data lifecycle management, and data provenance obligations. 3 of 8 requirements demonstrate direct keyword alignment to this standard: M.PM-req-01 (KPI Framework — Define standardized KPIs and KRIs aligned with strategic goals and risk appetite (e.g., MTTD, patch compliance, AI model drift rate, bias index, data-loss incidents, control-audit pass rates).) -- matched terms: bias, data"
M.PR,Art. 10 - Data Governance,"ARISE control Privacy Program (MANAGE) maps to Art. 10 - Data Governance of prEN 18284, which covers AI data quality and governance including dataset requirements, bias controls, data lifecycle management, and data provenance obligations. 8 of 8 requirements demonstrate direct keyword alignment to this standard: M.PR-req-01 (ROPA & Data Maps — Maintain comprehensive processing inventories (Records of Processing Activities).) -- matched terms: data"
M.RM-01,Art. 10 - Data Governance,"ARISE control Third-Party Risk Management (MANAGE) maps to Art. 10 - Data Governance of prEN 18284, which covers AI data quality and governance including dataset requirements, bias controls, data lifecycle management, and data provenance obligations. 6 of 9 requirements demonstrate direct keyword alignment to this standard: M.RM-01-req-01 (Vendor Classification: Categorize vendors by criticality, data access, and AI system impact.) -- matched terms: classification, data"
M.RM-02,Art. 10 - Data Quality & Governance,"ARISE control AI Risk Management (MANAGE) maps to Art. 10 - Data Quality & Governance of prEN 18284, which covers AI data quality and governance including dataset requirements, bias controls, data lifecycle management, and data provenance obligations. 5 of 9 requirements demonstrate direct keyword alignment to this standard: M.RM-02-req-01 (AI Risk Framework — Define risk categories spanning ethical, technical, security, privacy, and societal impact considerations.) -- matched terms: privacy"
M.RM-03,Art. 10 - Data Quality & Governance,"ARISE control Cybersecurity Risk Management (MANAGE) maps to Art. 10 - Data Quality & Governance of prEN 18284, which covers AI data quality and governance including dataset requirements, bias controls, data lifecycle management, and data provenance obligations. 1 of 9 requirements demonstrate direct keyword alignment to this standard: M.RM-03-req-07 (Integration with AI Risks: Include adversarial attacks, model-exfiltration risk, dataset-integrity risks, and poisoning vectors.) -- matched terms: data, dataset. These requirements substantively address prEN 18284 obligations at the individual requirement level, confirming strong traceability."
M.RP,Art. 10 - Data Quality & Governance,"ARISE control Reporting (MANAGE) maps to Art. 10 - Data Quality & Governance of prEN 18284, which covers AI data quality and governance including dataset requirements, bias controls, data lifecycle management, and data provenance obligations. 4 of 8 requirements demonstrate direct keyword alignment to this standard: M.RP-req-05 (External Reporting: Align customer assurance and regulatory reporting channels with privacy and cyber frameworks.) -- matched terms: privacy"
I.AM-01,Art. 10 - Data Governance,"ARISE control AI System Inventory (IDENTIFY) maps to Art. 10 - Data Governance of prEN 18284, which covers AI data quality and governance including dataset requirements, bias controls, data lifecycle management, and data provenance obligations. 6 of 10 requirements demonstrate direct keyword alignment to this standard: I.AM-01-req-01 (Inventory Governance: Define ownership (AI Product Owner, Model Owner, Data Steward). Establish registration criteria for what constitutes an AI system and subcomponents.) -- matched terms: data"
I.AM-02,Art. 10 - Data Governance,"ARISE control System Asset Management (IDENTIFY) maps to Art. 10 - Data Governance of prEN 18284, which covers AI data quality and governance including dataset requirements, bias controls, data lifecycle management, and data provenance obligations. 2 of 9 requirements demonstrate direct keyword alignment to this standard: I.AM-02-req-02 (Ownership & Classification: Assign a technical and business owner; apply data classification and security categorization; record SBOMs/MBOMs where applicable.) -- matched terms: classification, data"
I.AM-03,Art. 10 - Data Governance,"ARISE control BYOD Asset Management (IDENTIFY) maps to Art. 10 - Data Governance of prEN 18284, which covers AI data quality and governance including dataset requirements, bias controls, data lifecycle management, and data provenance obligations. 2 of 7 requirements demonstrate direct keyword alignment to this standard: I.AM-03-req-02 (Containerization: Separate corporate and personal data; enable remote wipe of corporate partition only.) -- matched terms: data, personal"
I.DG-01,Art. 10.4 - Data Lifecycle Management,"ARISE control Data Mapping (IDENTIFY) maps to Art. 10.4 - Data Lifecycle Management of prEN 18284, which covers AI data quality and governance including dataset requirements, bias controls, data lifecycle management, and data provenance obligations. 5 of 7 requirements demonstrate direct keyword alignment to this standard: I.DG-01-req-01 (Data Inventories: Catalog datasets with owners, categories, sensitivity, purpose, lawful basis. (100% critical data flows documented and current.)) -- matched terms: data, dataset"
I.IM-01,Art. 10 - Data Quality & Governance,"ARISE control AI Impacts (IDENTIFY) maps to Art. 10 - Data Quality & Governance of prEN 18284, which covers AI data quality and governance including dataset requirements, bias controls, data lifecycle management, and data provenance obligations. 1 of 7 requirements demonstrate direct keyword alignment to this standard: I.IM-01-req-06 (Reassessment: Review after major model/data changes or incidents.) -- matched terms: data. These requirements substantively address prEN 18284 obligations at the individual requirement level, confirming strong traceability."
I.RM-01,Art. 10 - Data Governance,"ARISE control Risk Identification (IDENTIFY) maps to Art. 10 - Data Governance of prEN 18284, which covers AI data quality and governance including dataset requirements, bias controls, data lifecycle management, and data provenance obligations. 2 of 5 requirements demonstrate direct keyword alignment to this standard: I.RM-01-req-01 (Classification: Standardize likelihood/impact scales and KRIs.) -- matched terms: classification"
I.RM-02,Art. 10 - Data Governance,"ARISE control Insider Threat (IDENTIFY) maps to Art. 10 - Data Governance of prEN 18284, which covers AI data quality and governance including dataset requirements, bias controls, data lifecycle management, and data provenance obligations. 1 of 7 requirements demonstrate direct keyword alignment to this standard: I.RM-02-req-07 (User and Entity Behavior Analytics (UEBA): Implement Machine Learning-driven behavioral baselining to establish normal activity patterns for users and entities, enabling the detection of subtle anomalies (e.g., low-and-slow data exfiltration) that evade static rule sets.) -- matched terms: data. These requirements substantively address prEN 18284 obligations at the individual requirement level, confirming strong traceability."
I.SC-01,Art. 10 - Data Governance,"ARISE control Supply Chain Risk (IDENTIFY) maps to Art. 10 - Data Governance of prEN 18284, which covers AI data quality and governance including dataset requirements, bias controls, data lifecycle management, and data provenance obligations. 3 of 7 requirements demonstrate direct keyword alignment to this standard: I.SC-01-req-01 (Supplier Inventory & Tiering: Classify suppliers by criticality and data access. (100% critical suppliers assessed pre-onboarding; annual reassessments.)) -- matched terms: data"
I.TH-01,Art. 10 - Data Quality & Governance,"ARISE control Security Thresholds (IDENTIFY) maps to Art. 10 - Data Quality & Governance of prEN 18284, which covers AI data quality and governance including dataset requirements, bias controls, data lifecycle management, and data provenance obligations. The control addresses: Define alarm thresholds and decision criteria for security events to ensure timely, consistent response.. None of the 6 individual requirements contain explicit keyword matches to prEN 18284 terminology. The mapping is established at the control level based on overall subject matter and domain alignment. This represents a traceability gap at the requirement level -- consider adding explicit prEN 18284 language to one or more requirements to strengthen direct traceability."
I.TH-02,Art. 10.3 - Bias Controls,"ARISE control AI Operational Thresholds (IDENTIFY) maps to Art. 10.3 - Bias Controls of prEN 18284, which covers AI data quality and governance including dataset requirements, bias controls, data lifecycle management, and data provenance obligations. 1 of 6 requirements demonstrate direct keyword alignment to this standard: I.TH-02-req-03 (Quantitative Gates: Define accuracy, robustness, fairness, calibration, and explainability coverage metrics.) -- matched terms: fairness. These requirements substantively address prEN 18284 obligations at the individual requirement level, confirming strong traceability."
I.TM-01,Art. 10 - Data Quality & Governance,"ARISE control Threat Management (IDENTIFY) maps to Art. 10 - Data Quality & Governance of prEN 18284, which covers AI data quality and governance including dataset requirements, bias controls, data lifecycle management, and data provenance obligations. 1 of 9 requirements demonstrate direct keyword alignment to this standard: I.TM-01-req-09 (Automated Threat Hunting: Implement hypothesis-driven hunting workflows that proactively search historical log data for indicators of compromise (IoCs) related to advanced persistent threats (APTs) that evaded real-time alerts.) -- matched terms: data. These requirements substantively address prEN 18284 obligations at the individual requirement level, confirming strong traceability."
P.AC.M-01,Art. 10.3 - Bias Controls,"ARISE control Bias (PROTECT) maps to Art. 10.3 - Bias Controls of prEN 18284, which covers AI data quality and governance including dataset requirements, bias controls, data lifecycle management, and data provenance obligations. 6 of 7 requirements demonstrate direct keyword alignment to this standard: P.AC.M-01-req-01 (Documentation: Model cards with fairness assumptions, metrics, mitigations, limitations; re-evaluate on data/model changes.) -- matched terms: data, fairness"
P.AC.M-02,Art. 10 - Data Quality & Governance,"ARISE control Robustness (PROTECT) maps to Art. 10 - Data Quality & Governance of prEN 18284, which covers AI data quality and governance including dataset requirements, bias controls, data lifecycle management, and data provenance obligations. The control addresses: Ensure models withstand distribution shift and adversarial conditions; enable predictable fail-safe behavior.. None of the 6 individual requirements contain explicit keyword matches to prEN 18284 terminology. The mapping is established at the control level based on overall subject matter and domain alignment. This represents a traceability gap at the requirement level -- consider adding explicit prEN 18284 language to one or more requirements to strengthen direct traceability."
P.AC.M-03,Art. 10 - Data Quality & Governance,"ARISE control Explainability (PROTECT) maps to Art. 10 - Data Quality & Governance of prEN 18284, which covers AI data quality and governance including dataset requirements, bias controls, data lifecycle management, and data provenance obligations. The control addresses: Provide audience-appropriate transparency and interpretability; disclose limits to support responsible use and governance.. None of the 6 individual requirements contain explicit keyword matches to prEN 18284 terminology. The mapping is established at the control level based on overall subject matter and domain alignment. This represents a traceability gap at the requirement level -- consider adding explicit prEN 18284 language to one or more requirements to strengthen direct traceability."
P.AC.S-01,Art. 10.2 - Data Quality Requirements,"ARISE control Datasets & Tagging (PROTECT) maps to Art. 10.2 - Data Quality Requirements of prEN 18284, which covers AI data quality and governance including dataset requirements, bias controls, data lifecycle management, and data provenance obligations. 6 of 7 requirements demonstrate direct keyword alignment to this standard: P.AC.S-01-req-01 (Provenance & Licensing: Record source, license terms, consent/usage rights; block unvetted datasets.) -- matched terms: data, dataset"
P.AC.S-02,Art. 10 - Data Governance,"ARISE control AI-Specific Attack Vectors (PROTECT) maps to Art. 10 - Data Governance of prEN 18284, which covers AI data quality and governance including dataset requirements, bias controls, data lifecycle management, and data provenance obligations. 2 of 8 requirements demonstrate direct keyword alignment to this standard: P.AC.S-02-req-03 (Adversarial Testing: Red-team for jailbreaks, prompt-injection chains, data poisoning; capture signatures into detections.) -- matched terms: data"
P.AT-01,Art. 10 - Data Quality & Governance,"ARISE control AI Training (PROTECT) maps to Art. 10 - Data Quality & Governance of prEN 18284, which covers AI data quality and governance including dataset requirements, bias controls, data lifecycle management, and data provenance obligations. 3 of 7 requirements demonstrate direct keyword alignment to this standard: P.AT-01-req-03 (Curriculum Design: Modular training covering bias, fairness, explainability, data governance, TEVV, and legal obligations.) -- matched terms: bias, data, data governance, fairness"
P.AT-02,Art. 10 - Data Quality & Governance,"ARISE control Cybersecurity Training (PROTECT) maps to Art. 10 - Data Quality & Governance of prEN 18284, which covers AI data quality and governance including dataset requirements, bias controls, data lifecycle management, and data provenance obligations. 2 of 5 requirements demonstrate direct keyword alignment to this standard: P.AT-02-req-01 (Baseline Program: Mandatory annual training covering password hygiene, phishing, data handling, and incident reporting.) -- matched terms: data, handling"
P.AT-03,Art. 10 - Data Quality & Governance,"ARISE control Governance Training (PROTECT) maps to Art. 10 - Data Quality & Governance of prEN 18284, which covers AI data quality and governance including dataset requirements, bias controls, data lifecycle management, and data provenance obligations. 1 of 6 requirements demonstrate direct keyword alignment to this standard: P.AT-03-req-03 (Committee Orientation: Onboarding decks for ethics, privacy, and security committees.) -- matched terms: privacy. These requirements substantively address prEN 18284 obligations at the individual requirement level, confirming strong traceability."
P.DS-01,Art. 10 - Data Governance,"ARISE control Classification & Handling (PROTECT) maps to Art. 10 - Data Governance of prEN 18284, which covers AI data quality and governance including dataset requirements, bias controls, data lifecycle management, and data provenance obligations. 8 of 8 requirements demonstrate direct keyword alignment to this standard: P.DS-01-req-01 (Classification Scheme: Define tiers (Public, Internal, Confidential, Restricted, Safety-Critical).) -- matched terms: classification"
P.DS-02,Art. 10 - Data Governance,"ARISE control Cryptographic Management (PROTECT) maps to Art. 10 - Data Governance of prEN 18284, which covers AI data quality and governance including dataset requirements, bias controls, data lifecycle management, and data provenance obligations. 2 of 6 requirements demonstrate direct keyword alignment to this standard: P.DS-02-req-01 (Encryption Coverage: Enforce encryption for data-at-rest, in-transit, and for model files.) -- matched terms: data"
P.ES,Art. 10 - Data Governance,"ARISE control Endpoint Security (PROTECT) maps to Art. 10 - Data Governance of prEN 18284, which covers AI data quality and governance including dataset requirements, bias controls, data lifecycle management, and data provenance obligations. 2 of 9 requirements demonstrate direct keyword alignment to this standard: P.ES-req-08 (Data Controls: USB control; DLP for local exfiltration; prevent caching of sensitive embeddings unless encrypted.) -- matched terms: data"
P.IM,Art. 10 - Data Governance,"ARISE control Identity Management (PROTECT) maps to Art. 10 - Data Governance of prEN 18284, which covers AI data quality and governance including dataset requirements, bias controls, data lifecycle management, and data provenance obligations. The control addresses: Ensure that only authorized, authenticated, and accountable entities—human or machine—can access systems, datasets, and AI resources, enforcing least-privilege and separation of duties.. None of the 10 individual requirements contain explicit keyword matches to prEN 18284 terminology. The mapping is established at the control level based on overall subject matter and domain alignment. This represents a traceability gap at the requirement level -- consider adding explicit prEN 18284 language to one or more requirements to strengthen direct traceability."
P.NS,Art. 10 - Data Governance,"ARISE control Network Security (PROTECT) maps to Art. 10 - Data Governance of prEN 18284, which covers AI data quality and governance including dataset requirements, bias controls, data lifecycle management, and data provenance obligations. 2 of 7 requirements demonstrate direct keyword alignment to this standard: P.NS-req-01 (Segmentation: Micro-segmentation by environment, data sensitivity, and workload; deny-by-default east–west; software-defined segmentation.) -- matched terms: data"
P.PC,Art. 10 - Data Governance,"ARISE control Privacy Controls (PROTECT) maps to Art. 10 - Data Governance of prEN 18284, which covers AI data quality and governance including dataset requirements, bias controls, data lifecycle management, and data provenance obligations. 6 of 7 requirements demonstrate direct keyword alignment to this standard: P.PC-req-01 (Data Minimization: Collect and retain only data necessary for defined purposes.) -- matched terms: data"
P.PS,Art. 10 - Data Quality & Governance,"ARISE control Platform Security (PROTECT) maps to Art. 10 - Data Quality & Governance of prEN 18284, which covers AI data quality and governance including dataset requirements, bias controls, data lifecycle management, and data provenance obligations. The control addresses: Secure cloud, container, and MLOps platforms through hardened configuration, provenance, and runtime protection to safeguard build, deploy, and model management planes.. None of the 8 individual requirements contain explicit keyword matches to prEN 18284 terminology. The mapping is established at the control level based on overall subject matter and domain alignment. This represents a traceability gap at the requirement level -- consider adding explicit prEN 18284 language to one or more requirements to strengthen direct traceability."
P.PY-01,Art. 10 - Data Quality & Governance,"ARISE control Access Controls (PROTECT) maps to Art. 10 - Data Quality & Governance of prEN 18284, which covers AI data quality and governance including dataset requirements, bias controls, data lifecycle management, and data provenance obligations. 3 of 4 requirements demonstrate direct keyword alignment to this standard: P.PY-01-req-01 (Perimeter & Entry: Badging, visitor vetting, mantraps where applicable; audit logs retained. (Visitor logs for all data rooms; dual-control access.)) -- matched terms: data"
P.PY-02,Art. 10 - Data Quality & Governance,"ARISE control Environment Controls (PROTECT) maps to Art. 10 - Data Quality & Governance of prEN 18284, which covers AI data quality and governance including dataset requirements, bias controls, data lifecycle management, and data provenance obligations. The control addresses: Protect assets against environmental hazards and facility failures.. None of the 4 individual requirements contain explicit keyword matches to prEN 18284 terminology. The mapping is established at the control level based on overall subject matter and domain alignment. This represents a traceability gap at the requirement level -- consider adding explicit prEN 18284 language to one or more requirements to strengthen direct traceability."
P.PY-03,Art. 10 - Data Governance,"ARISE control Safety & Security (PROTECT) maps to Art. 10 - Data Governance of prEN 18284, which covers AI data quality and governance including dataset requirements, bias controls, data lifecycle management, and data provenance obligations. 2 of 4 requirements demonstrate direct keyword alignment to this standard: P.PY-03-req-02 (Secure Evacuation of Data/Media: Emergency seals, transport procedures, custody logs.) -- matched terms: data"
P.RC,Art. 10 - Data Quality & Governance,"ARISE control Resilience Controls (PROTECT) maps to Art. 10 - Data Quality & Governance of prEN 18284, which covers AI data quality and governance including dataset requirements, bias controls, data lifecycle management, and data provenance obligations. 2 of 10 requirements demonstrate direct keyword alignment to this standard: P.RC-req-01 (Data Resilience: Immutable backups, point-in-time recovery, encryption, and cross-region copies; periodic restore tests including model artifacts.) -- matched terms: data"
P.RP-01,Art. 10 - Data Quality & Governance,"ARISE control Business Continuity (PROTECT) maps to Art. 10 - Data Quality & Governance of prEN 18284, which covers AI data quality and governance including dataset requirements, bias controls, data lifecycle management, and data provenance obligations. 1 of 6 requirements demonstrate direct keyword alignment to this standard: P.RP-01-req-06 (Upstream Dependency Mapping: Identify and document invisible single points of failure, such as specific third-party model APIs, data labeling services, or niche cloud regions, and establish alternate providers or cached operational modes for each.) -- matched terms: data. These requirements substantively address prEN 18284 obligations at the individual requirement level, confirming strong traceability."
P.RP-02,Art. 10 - Data Governance,"ARISE control Disaster Recovery (PROTECT) maps to Art. 10 - Data Governance of prEN 18284, which covers AI data quality and governance including dataset requirements, bias controls, data lifecycle management, and data provenance obligations. The control addresses: Restore systems, data, and AI pipelines to defined target RTO/RPO using immutable backups and tested restore procedures.. None of the 6 individual requirements contain explicit keyword matches to prEN 18284 terminology. The mapping is established at the control level based on overall subject matter and domain alignment. This represents a traceability gap at the requirement level -- consider adding explicit prEN 18284 language to one or more requirements to strengthen direct traceability."
P.SC,Art. 10 - Data Quality & Governance,"ARISE control Supply Chain (PROTECT) maps to Art. 10 - Data Quality & Governance of prEN 18284, which covers AI data quality and governance including dataset requirements, bias controls, data lifecycle management, and data provenance obligations. The control addresses: Ensure provenance, integrity, and security of third-party components, including AI models/APIs and open source.. None of the 7 individual requirements contain explicit keyword matches to prEN 18284 terminology. The mapping is established at the control level based on overall subject matter and domain alignment. This represents a traceability gap at the requirement level -- consider adding explicit prEN 18284 language to one or more requirements to strengthen direct traceability."
P.SD,Art. 10 - Data Quality & Governance,"ARISE control Secure Development (PROTECT) maps to Art. 10 - Data Quality & Governance of prEN 18284, which covers AI data quality and governance including dataset requirements, bias controls, data lifecycle management, and data provenance obligations. 1 of 10 requirements demonstrate direct keyword alignment to this standard: P.SD-req-03 (Threat Modeling: Required at design; include AI-specific abuse, data leakage, model theft.) -- matched terms: data. These requirements substantively address prEN 18284 obligations at the individual requirement level, confirming strong traceability."
D.AD,Art. 10 - Data Governance,"ARISE control Anomaly Detection (DETECT) maps to Art. 10 - Data Governance of prEN 18284, which covers AI data quality and governance including dataset requirements, bias controls, data lifecycle management, and data provenance obligations. 1 of 6 requirements demonstrate direct keyword alignment to this standard: D.AD-req-06 (Detection Methods: Use ML, rules, and heuristics to identify anomalies and ethical risks (e.g., bias shifts).) -- matched terms: bias. These requirements substantively address prEN 18284 obligations at the individual requirement level, confirming strong traceability."
D.CM,Art. 10 - Data Governance,"ARISE control Continuous Monitoring (DETECT) maps to Art. 10 - Data Governance of prEN 18284, which covers AI data quality and governance including dataset requirements, bias controls, data lifecycle management, and data provenance obligations. 4 of 8 requirements demonstrate direct keyword alignment to this standard: D.CM-req-01 (Telemetry Collection: Aggregate logs, metrics, and AI inference data across systems and environments.) -- matched terms: data"
D.ID,Art. 10 - Data Quality & Governance,"ARISE control IOC Detection (DETECT) maps to Art. 10 - Data Quality & Governance of prEN 18284, which covers AI data quality and governance including dataset requirements, bias controls, data lifecycle management, and data provenance obligations. 2 of 7 requirements demonstrate direct keyword alignment to this standard: D.ID-req-06 (AI-Specific Threat Indicators: Curate and monitor for AI-native IOCs, including known adversarial prompt signatures, anomalous model-inversion traffic patterns, and unique signatures associated with poisoned dataset repositories.) -- matched terms: data, dataset"
D.IM,Art. 10 - Data Quality & Governance,"ARISE control Incident Management (DETECT) maps to Art. 10 - Data Quality & Governance of prEN 18284, which covers AI data quality and governance including dataset requirements, bias controls, data lifecycle management, and data provenance obligations. 2 of 6 requirements demonstrate direct keyword alignment to this standard: D.IM-req-01 (Incident Classification: Define types and severity levels (including AI-specific categories like Model Hijacking or Data Poisoning).) -- matched terms: classification, data"
D.MT,Art. 10 - Data Governance,"ARISE control Monitor Third Parties (DETECT) maps to Art. 10 - Data Governance of prEN 18284, which covers AI data quality and governance including dataset requirements, bias controls, data lifecycle management, and data provenance obligations. 2 of 6 requirements demonstrate direct keyword alignment to this standard: D.MT-req-04 (Ethical Oversight: Validate AI suppliers for fairness, transparency, and accountability practices.) -- matched terms: fairness"
D.SA-01,Art. 10 - Data Quality & Governance,"ARISE control Performing Security Assessments (DETECT) maps to Art. 10 - Data Quality & Governance of prEN 18284, which covers AI data quality and governance including dataset requirements, bias controls, data lifecycle management, and data provenance obligations. The control addresses: Assess the effectiveness of controls through independent and systematic security testing across digital and AI environments.. None of the 6 individual requirements contain explicit keyword matches to prEN 18284 terminology. The mapping is established at the control level based on overall subject matter and domain alignment. This represents a traceability gap at the requirement level -- consider adding explicit prEN 18284 language to one or more requirements to strengthen direct traceability."
D.SA-02,Art. 10 - Data Quality & Governance,"ARISE control Penetration Testing (DETECT) maps to Art. 10 - Data Quality & Governance of prEN 18284, which covers AI data quality and governance including dataset requirements, bias controls, data lifecycle management, and data provenance obligations. 1 of 6 requirements demonstrate direct keyword alignment to this standard: D.SA-02-req-01 (Define annual scope covering both standard infrastructure (Cloud, API) and AI components (Models, RAG pipelines, Training Data).) -- matched terms: data. These requirements substantively address prEN 18284 obligations at the individual requirement level, confirming strong traceability."
D.SA-03,Art. 10 - Data Quality & Governance,"ARISE control Vulnerability Testing (DETECT) maps to Art. 10 - Data Quality & Governance of prEN 18284, which covers AI data quality and governance including dataset requirements, bias controls, data lifecycle management, and data provenance obligations. The control addresses: Identify and mitigate exploitable weaknesses across systems, applications, and AI components.. None of the 7 individual requirements contain explicit keyword matches to prEN 18284 terminology. The mapping is established at the control level based on overall subject matter and domain alignment. This represents a traceability gap at the requirement level -- consider adding explicit prEN 18284 language to one or more requirements to strengthen direct traceability."
D.SA-04,Art. 10 - Data Quality & Governance,"ARISE control Tabletop Exercises (BCDR) (DETECT) maps to Art. 10 - Data Quality & Governance of prEN 18284, which covers AI data quality and governance including dataset requirements, bias controls, data lifecycle management, and data provenance obligations. 1 of 7 requirements demonstrate direct keyword alignment to this standard: D.SA-04-req-02 (Roles: Identify and assign cross-functional participants (Legal, PR, IT, Data Science/AI Heads) for each scenario type.) -- matched terms: data. These requirements substantively address prEN 18284 obligations at the individual requirement level, confirming strong traceability."
D.SA-05,Art. 10 - Data Quality & Governance,"ARISE control Code Scanning (DETECT) maps to Art. 10 - Data Quality & Governance of prEN 18284, which covers AI data quality and governance including dataset requirements, bias controls, data lifecycle management, and data provenance obligations. 1 of 8 requirements demonstrate direct keyword alignment to this standard: D.SA-05-req-02 (Scope Repository Inventory: Maintain an automated inventory of all source code repositories, including Sandbox AI environments and Data Science repos.) -- matched terms: data. These requirements substantively address prEN 18284 obligations at the individual requirement level, confirming strong traceability."
D.TI,Art. 10 - Data Quality & Governance,"ARISE control Threat Intelligence (DETECT) maps to Art. 10 - Data Quality & Governance of prEN 18284, which covers AI data quality and governance including dataset requirements, bias controls, data lifecycle management, and data provenance obligations. The control addresses: Integrate actionable threat intelligence into detection and defense programs to anticipate, contextualize, and mitigate evolving threats.. None of the 7 individual requirements contain explicit keyword matches to prEN 18284 terminology. The mapping is established at the control level based on overall subject matter and domain alignment. This represents a traceability gap at the requirement level -- consider adding explicit prEN 18284 language to one or more requirements to strengthen direct traceability."
R.IC.E-01,Art. 10 - Data Quality & Governance,"ARISE control Regulatory Reporting (RESPOND) maps to Art. 10 - Data Quality & Governance of prEN 18284, which covers AI data quality and governance including dataset requirements, bias controls, data lifecycle management, and data provenance obligations. 2 of 6 requirements demonstrate direct keyword alignment to this standard: R.IC.E-01-req-05 (Record Retention: Regulatory reports retained per retention policy.) -- matched terms: retention"
R.IC.E-02,Art. 10 - Data Quality & Governance,"ARISE control Law Enforcement Partners (RESPOND) maps to Art. 10 - Data Quality & Governance of prEN 18284, which covers AI data quality and governance including dataset requirements, bias controls, data lifecycle management, and data provenance obligations. 1 of 6 requirements demonstrate direct keyword alignment to this standard: R.IC.E-02-req-06 (Scope Verification: Verify scope of engagement and specific data sharing requirements.) -- matched terms: data. These requirements substantively address prEN 18284 obligations at the individual requirement level, confirming strong traceability."
R.IC.E-03,Art. 10 - Data Quality & Governance,"ARISE control Information-Sharing Communities (RESPOND) maps to Art. 10 - Data Quality & Governance of prEN 18284, which covers AI data quality and governance including dataset requirements, bias controls, data lifecycle management, and data provenance obligations. 3 of 6 requirements demonstrate direct keyword alignment to this standard: R.IC.E-03-req-01 (Sharing Policy: Develop information-sharing policies covering classification, anonymization, and disclosure approval.) -- matched terms: classification"
R.IC.E-04,Art. 10 - Data Governance,"ARISE control Privacy Notification Requirements (RESPOND) maps to Art. 10 - Data Governance of prEN 18284, which covers AI data quality and governance including dataset requirements, bias controls, data lifecycle management, and data provenance obligations. 2 of 6 requirements demonstrate direct keyword alignment to this standard: R.IC.E-04-req-01 (Coordination: Coordinate with Legal, DPO, and Privacy Office to determine notification scope and method.) -- matched terms: privacy"
R.IC.I-01,Art. 10 - Data Quality & Governance,"ARISE control Personnel (RESPOND) maps to Art. 10 - Data Quality & Governance of prEN 18284, which covers AI data quality and governance including dataset requirements, bias controls, data lifecycle management, and data provenance obligations. The control addresses: Inform affected teams during incidents; distribute internal guidance and FAQs to prevent misinformation and streamline remediation.. None of the 7 individual requirements contain explicit keyword matches to prEN 18284 terminology. The mapping is established at the control level based on overall subject matter and domain alignment. This represents a traceability gap at the requirement level -- consider adding explicit prEN 18284 language to one or more requirements to strengthen direct traceability."
R.IC.I-02,Art. 10 - Data Quality & Governance,"ARISE control Top Management (RESPOND) maps to Art. 10 - Data Quality & Governance of prEN 18284, which covers AI data quality and governance including dataset requirements, bias controls, data lifecycle management, and data provenance obligations. 1 of 7 requirements demonstrate direct keyword alignment to this standard: R.IC.I-02-req-04 (Materiality Determination: Establish a formal protocol for the Executive Committee to review technical impact data and issue a formal Materiality determination to trigger regulatory disclosure workflows.) -- matched terms: data. These requirements substantively address prEN 18284 obligations at the individual requirement level, confirming strong traceability."
R.IC.I-03,Art. 10 - Data Quality & Governance,"ARISE control Incident Response Team (RESPOND) maps to Art. 10 - Data Quality & Governance of prEN 18284, which covers AI data quality and governance including dataset requirements, bias controls, data lifecycle management, and data provenance obligations. The control addresses: Maintain synchronized internal communication during active incidents with a single source of truth.. None of the 7 individual requirements contain explicit keyword matches to prEN 18284 terminology. The mapping is established at the control level based on overall subject matter and domain alignment. This represents a traceability gap at the requirement level -- consider adding explicit prEN 18284 language to one or more requirements to strengthen direct traceability."
R.IC.P,Art. 10 - Data Quality & Governance,"ARISE control Public Updates / Disclosures (RESPOND) maps to Art. 10 - Data Quality & Governance of prEN 18284, which covers AI data quality and governance including dataset requirements, bias controls, data lifecycle management, and data provenance obligations. 2 of 7 requirements demonstrate direct keyword alignment to this standard: R.IC.P-req-03 (Predefined Templates: Use predefined media templates and Q&A documents (holding statements) for various scenarios (e.g., Ransomware, Data Leak, AI Bias Event).) -- matched terms: bias, data"
R.IC.R,Art. 10 - Data Quality & Governance,"ARISE control Recovery Activity & Restoration (RESPOND) maps to Art. 10 - Data Quality & Governance of prEN 18284, which covers AI data quality and governance including dataset requirements, bias controls, data lifecycle management, and data provenance obligations. 1 of 6 requirements demonstrate direct keyword alignment to this standard: R.IC.R-req-04 (Data Validation: Validate all external statements against real-time operational data.) -- matched terms: data. These requirements substantively address prEN 18284 obligations at the individual requirement level, confirming strong traceability."
R.IM-01,Art. 10 - Data Quality & Governance,"ARISE control Containment (RESPOND) maps to Art. 10 - Data Quality & Governance of prEN 18284, which covers AI data quality and governance including dataset requirements, bias controls, data lifecycle management, and data provenance obligations. The control addresses: Limit the spread and impact of an incident by isolating affected assets, blocking malicious activity, and preserving evidence for investigation.. None of the 8 individual requirements contain explicit keyword matches to prEN 18284 terminology. The mapping is established at the control level based on overall subject matter and domain alignment. This represents a traceability gap at the requirement level -- consider adding explicit prEN 18284 language to one or more requirements to strengthen direct traceability."
R.IM-02,Art. 10 - Data Quality & Governance,"ARISE control Eradication (RESPOND) maps to Art. 10 - Data Quality & Governance of prEN 18284, which covers AI data quality and governance including dataset requirements, bias controls, data lifecycle management, and data provenance obligations. 1 of 7 requirements demonstrate direct keyword alignment to this standard: R.IM-02-req-01 (Remediation Actions: Patch vulnerabilities, clean malware, rotate credentials, and remove malicious datasets or code.) -- matched terms: data, dataset. These requirements substantively address prEN 18284 obligations at the individual requirement level, confirming strong traceability."
R.IM-03,Art. 10 - Data Governance,"ARISE control Disaster Recovery (RESPOND) maps to Art. 10 - Data Governance of prEN 18284, which covers AI data quality and governance including dataset requirements, bias controls, data lifecycle management, and data provenance obligations. 2 of 6 requirements demonstrate direct keyword alignment to this standard: R.IM-03-req-01 (Restore Procedures: Maintain tested restore runbooks for systems, models, and datasets; verify signatures before redeployment.) -- matched terms: data, dataset"
R.IM-04,Art. 10 - Data Quality & Governance,"ARISE control Business Continuity (RESPOND) maps to Art. 10 - Data Quality & Governance of prEN 18284, which covers AI data quality and governance including dataset requirements, bias controls, data lifecycle management, and data provenance obligations. The control addresses: Maintain critical operations during incident response and recovery, ensuring customer commitments and mission continuity.. None of the 6 individual requirements contain explicit keyword matches to prEN 18284 terminology. The mapping is established at the control level based on overall subject matter and domain alignment. This represents a traceability gap at the requirement level -- consider adding explicit prEN 18284 language to one or more requirements to strengthen direct traceability."
R.IR-01,Art. 10.2 - Data Quality Requirements,"ARISE control Incident Response: AI (RESPOND) maps to Art. 10.2 - Data Quality Requirements of prEN 18284, which covers AI data quality and governance including dataset requirements, bias controls, data lifecycle management, and data provenance obligations. 8 of 10 requirements demonstrate direct keyword alignment to this standard: R.IR-01-req-01 (Roles & Responsibilities: Assign roles for detection, triage, ethics escalation, privacy/legal review, and technical containment.) -- matched terms: privacy"
R.IR-02,Art. 10 - Data Quality & Governance,"ARISE control Incident Response: Cybersecurity (RESPOND) maps to Art. 10 - Data Quality & Governance of prEN 18284, which covers AI data quality and governance including dataset requirements, bias controls, data lifecycle management, and data provenance obligations. 2 of 8 requirements demonstrate direct keyword alignment to this standard: R.IR-02-req-01 (Incident Classification & Severity Matrix: Define categories (intrusion, malware, exfiltration, DDoS, insider misuse). Assign SLAs for triage and containment.) -- matched terms: classification"
R.IR-03,Art. 10 - Data Governance,"ARISE control Incident Response: Privacy (RESPOND) maps to Art. 10 - Data Governance of prEN 18284, which covers AI data quality and governance including dataset requirements, bias controls, data lifecycle management, and data provenance obligations. 4 of 7 requirements demonstrate direct keyword alignment to this standard: R.IR-03-req-01 (Privacy Incident Identification: Detect anomalies indicating PII/PHI leakage, misclassification, or unauthorized access.) -- matched terms: classification, privacy"
R.LL,Art. 10 - Data Quality & Governance,"ARISE control Incident Lessons Learned (RESPOND) maps to Art. 10 - Data Quality & Governance of prEN 18284, which covers AI data quality and governance including dataset requirements, bias controls, data lifecycle management, and data provenance obligations. The control addresses: Ensure every incident or near miss results in measurable learning, control enhancement, and organizational improvement.. None of the 6 individual requirements contain explicit keyword matches to prEN 18284 terminology. The mapping is established at the control level based on overall subject matter and domain alignment. This represents a traceability gap at the requirement level -- consider adding explicit prEN 18284 language to one or more requirements to strengthen direct traceability."
V.AD-01,Art. 10 - Data Quality & Governance,"ARISE control External Audit: AI Audit (VALIDATE) maps to Art. 10 - Data Quality & Governance of prEN 18284, which covers AI data quality and governance including dataset requirements, bias controls, data lifecycle management, and data provenance obligations. 1 of 6 requirements demonstrate direct keyword alignment to this standard: V.AD-01-req-04 (Engagement Management: Define scope with auditors; provide access to environments and read-only logs where appropriate; protect sensitive data through redaction or sandboxes.) -- matched terms: data. These requirements substantively address prEN 18284 obligations at the individual requirement level, confirming strong traceability."
V.AD-02,Art. 10 - Data Quality & Governance,"ARISE control External Audit: Security Audit (VALIDATE) maps to Art. 10 - Data Quality & Governance of prEN 18284, which covers AI data quality and governance including dataset requirements, bias controls, data lifecycle management, and data provenance obligations. The control addresses: Gain independent validation of ISMS and cybersecurity posture (e.g., certification or attestation) to enhance trust and demonstrate control effectiveness.. None of the 4 individual requirements contain explicit keyword matches to prEN 18284 terminology. The mapping is established at the control level based on overall subject matter and domain alignment. This represents a traceability gap at the requirement level -- consider adding explicit prEN 18284 language to one or more requirements to strengthen direct traceability."
V.CI-01,Art. 10 - Data Quality & Governance,"ARISE control Reporting Channels (VALIDATE) maps to Art. 10 - Data Quality & Governance of prEN 18284, which covers AI data quality and governance including dataset requirements, bias controls, data lifecycle management, and data provenance obligations. 2 of 6 requirements demonstrate direct keyword alignment to this standard: V.CI-01-req-02 (Triage & SLAs: Categorize reports (security, privacy, ethics, product safety); set response/acknowledgement SLAs; track every submission to closure.) -- matched terms: privacy"
V.CI-02,Art. 10.3 - Bias Controls,"ARISE control Internal Audit: AI Audit (VALIDATE) maps to Art. 10.3 - Bias Controls of prEN 18284, which covers AI data quality and governance including dataset requirements, bias controls, data lifecycle management, and data provenance obligations. 1 of 6 requirements demonstrate direct keyword alignment to this standard: V.CI-02-req-02 (Test Procedures: Evidence sampling of TEVV artifacts, fairness/robustness metrics, privacy constraints, explainability proofs, and inventory completeness.) -- matched terms: fairness, privacy. These requirements substantively address prEN 18284 obligations at the individual requirement level, confirming strong traceability."
V.CI-03,Art. 10 - Data Quality & Governance,"ARISE control Internal Audit: Security Audit (VALIDATE) maps to Art. 10 - Data Quality & Governance of prEN 18284, which covers AI data quality and governance including dataset requirements, bias controls, data lifecycle management, and data provenance obligations. 2 of 6 requirements demonstrate direct keyword alignment to this standard: V.CI-03-req-02 (Control Testing: Walkthroughs, design tests, re-performance, and sampling; verify evidence quality and retention.) -- matched terms: retention"
V.IA,Art. 10 - Data Governance,"ARISE control Internal Audit (VALIDATE) maps to Art. 10 - Data Governance of prEN 18284, which covers AI data quality and governance including dataset requirements, bias controls, data lifecycle management, and data provenance obligations. The control addresses: Provide independent assurance on the adequacy and effectiveness of security, privacy, and AI governance controls.. None of the 5 individual requirements contain explicit keyword matches to prEN 18284 terminology. The mapping is established at the control level based on overall subject matter and domain alignment. This represents a traceability gap at the requirement level -- consider adding explicit prEN 18284 language to one or more requirements to strengthen direct traceability."
V.TE-01,Art. 10 - Data Quality & Governance,"ARISE control Testing (VALIDATE) maps to Art. 10 - Data Quality & Governance of prEN 18284, which covers AI data quality and governance including dataset requirements, bias controls, data lifecycle management, and data provenance obligations. 5 of 8 requirements demonstrate direct keyword alignment to this standard: V.TE-01-req-03 (Test Oracles & Golden Baselines: Maintain golden datasets, expected outputs, and tolerance bands for numerical drift; version test artifacts.) -- matched terms: data, dataset"
V.TE-02,Art. 10 - Data Quality & Governance,"ARISE control Evaluation (VALIDATE) maps to Art. 10 - Data Quality & Governance of prEN 18284, which covers AI data quality and governance including dataset requirements, bias controls, data lifecycle management, and data provenance obligations. 3 of 8 requirements demonstrate direct keyword alignment to this standard: V.TE-02-req-01 (Evaluation Design: Define goals, metrics (effectiveness, calibration, latency, robustness, fairness, privacy, transparency), datasets, and sampling frames; include domain and demographic slices.) -- matched terms: data, dataset, fairness, privacy"
V.TE-03,Art. 10 - Data Quality & Governance,"ARISE control Verification (VALIDATE) maps to Art. 10 - Data Quality & Governance of prEN 18284, which covers AI data quality and governance including dataset requirements, bias controls, data lifecycle management, and data provenance obligations. 3 of 8 requirements demonstrate direct keyword alignment to this standard: V.TE-03-req-01 (Requirements Traceability: Maintain bidirectional traceability across requirements - designs - tests - results; include policy and governance requirements (e.g., logging, retention, guardrails).) -- matched terms: retention"
V.TE-04,Art. 10 - Data Quality & Governance,"ARISE control Validation (VALIDATE) maps to Art. 10 - Data Quality & Governance of prEN 18284, which covers AI data quality and governance including dataset requirements, bias controls, data lifecycle management, and data provenance obligations. 1 of 7 requirements demonstrate direct keyword alignment to this standard: V.TE-04-req-05 (User Studies & Feedback: Conduct usability and impact assessments with representative users; collect appeal/override data paths.) -- matched terms: data, representation. These requirements substantively address prEN 18284 obligations at the individual requirement level, confirming strong traceability."
