arise_control_id,prEN 18229-1 Reference,rationale
G.AC-01,Arts. 12-14 - Trustworthiness Requirements,"ARISE control Top Management Commitment (GOVERN) maps to Arts. 12-14 - Trustworthiness Requirements of prEN 18229-1, which covers AI trustworthiness requirements including logging specifications (Art. 12), transparency disclosures (Art. 13), and human oversight mechanisms (Art. 14). The control addresses: Demonstrate visible, sustained leadership commitment to the management system; provide resources, set direction, and enable continual improvement.. None of the 6 individual requirements contain explicit keyword matches to prEN 18229-1 terminology. The mapping is established at the control level based on overall subject matter and domain alignment. This represents a traceability gap at the requirement level -- consider adding explicit prEN 18229-1 language to one or more requirements to strengthen direct traceability."
G.AC-02,Art. 14 - Human Oversight Mechanisms,"ARISE control Charters & Committees (GOVERN) maps to Art. 14 - Human Oversight Mechanisms of prEN 18229-1, which covers AI trustworthiness requirements including logging specifications (Art. 12), transparency disclosures (Art. 13), and human oversight mechanisms (Art. 14). 1 of 6 requirements demonstrate direct keyword alignment to this standard: G.AC-02-req-04 (Decision Tracking: Maintain a formal Decision Log separate from minutes; track committee mandates to completion (e.g., Risk Accepted or Remediation Ordered).) -- matched terms: log. These requirements substantively address prEN 18229-1 obligations at the individual requirement level, confirming strong traceability."
G.AC-03,Art. 14 - Human Oversight Mechanisms,"ARISE control Executive Leadership & Board Oversight (GOVERN) maps to Art. 14 - Human Oversight Mechanisms of prEN 18229-1, which covers AI trustworthiness requirements including logging specifications (Art. 12), transparency disclosures (Art. 13), and human oversight mechanisms (Art. 14). 3 of 6 requirements demonstrate direct keyword alignment to this standard: G.AC-03-req-01 (Oversight Charter: Define responsibilities for policy approval, risk appetite, and performance review.) -- matched terms: oversight"
G.GV.A-01,Arts. 12-14 - Trustworthiness,"ARISE control Accountability (GOVERN) maps to Arts. 12-14 - Trustworthiness of prEN 18229-1, which covers AI trustworthiness requirements including logging specifications (Art. 12), transparency disclosures (Art. 13), and human oversight mechanisms (Art. 14). The control addresses: Ensure every AI decision/outcome has a traceable human owner with authority to act on risk findings.. None of the 4 individual requirements contain explicit keyword matches to prEN 18229-1 terminology. The mapping is established at the control level based on overall subject matter and domain alignment. This represents a traceability gap at the requirement level -- consider adding explicit prEN 18229-1 language to one or more requirements to strengthen direct traceability."
G.GV.A-02,Arts. 12-14 - Trustworthiness,"ARISE control Fairness (GOVERN) maps to Arts. 12-14 - Trustworthiness of prEN 18229-1, which covers AI trustworthiness requirements including logging specifications (Art. 12), transparency disclosures (Art. 13), and human oversight mechanisms (Art. 14). 3 of 4 requirements demonstrate direct keyword alignment to this standard: G.GV.A-02-req-01 (Define fairness metrics and thresholds.) -- matched terms: fairness"
G.GV.A-03,Arts. 12-14 - Trustworthiness Requirements,"ARISE control Inclusivity (GOVERN) maps to Arts. 12-14 - Trustworthiness Requirements of prEN 18229-1, which covers AI trustworthiness requirements including logging specifications (Art. 12), transparency disclosures (Art. 13), and human oversight mechanisms (Art. 14). 1 of 4 requirements demonstrate direct keyword alignment to this standard: G.GV.A-03-req-02 (Define inclusivity Define inclusivity criteria for datasets and testing panels. (Interpreted as: Apply criteria / Stakeholder Engagement)for datasets and testing panels.) -- matched terms: interpret. These requirements substantively address prEN 18229-1 obligations at the individual requirement level, confirming strong traceability."
G.GV.A-04,Arts. 12-14 - Trustworthiness Requirements,"ARISE control Cultural Considerations (GOVERN) maps to Arts. 12-14 - Trustworthiness Requirements of prEN 18229-1, which covers AI trustworthiness requirements including logging specifications (Art. 12), transparency disclosures (Art. 13), and human oversight mechanisms (Art. 14). The control addresses: Respect cultural norms and jurisdictional sensitivities in outputs, labeling, and UX; require contextual review before global deployments.. None of the 3 individual requirements contain explicit keyword matches to prEN 18229-1 terminology. The mapping is established at the control level based on overall subject matter and domain alignment. This represents a traceability gap at the requirement level -- consider adding explicit prEN 18229-1 language to one or more requirements to strengthen direct traceability."
G.GV.A-05,Art. 13 - Transparency Disclosures,"ARISE control Tensions and Trade-offs (GOVERN) maps to Art. 13 - Transparency Disclosures of prEN 18229-1, which covers AI trustworthiness requirements including logging specifications (Art. 12), transparency disclosures (Art. 13), and human oversight mechanisms (Art. 14). The control addresses: Document trade-offs between accuracy, privacy, interpretability, and fairness; justify risk acceptance with leadership approval and transparent communication.. None of the 4 individual requirements contain explicit keyword matches to prEN 18229-1 terminology. The mapping is established at the control level based on overall subject matter and domain alignment. This represents a traceability gap at the requirement level -- consider adding explicit prEN 18229-1 language to one or more requirements to strengthen direct traceability."
G.GV.A-06,Art. 13 - Transparency Disclosures,"ARISE control Transparency (GOVERN) maps to Art. 13 - Transparency Disclosures of prEN 18229-1, which covers AI trustworthiness requirements including logging specifications (Art. 12), transparency disclosures (Art. 13), and human oversight mechanisms (Art. 14). 2 of 4 requirements demonstrate direct keyword alignment to this standard: G.GV.A-06-req-01 (User disclosures when AI is used.) -- matched terms: disclosure"
G.GV.C-01,Art. 12 - Logging Specifications,"ARISE control COC: Acceptable Use (GOVERN) maps to Art. 12 - Logging Specifications of prEN 18229-1, which covers AI trustworthiness requirements including logging specifications (Art. 12), transparency disclosures (Art. 13), and human oversight mechanisms (Art. 14). The control addresses: Ensure personnel adhere to rules for appropriate use of systems, data, and AI technologies to prevent misuse and ethical breaches.. None of the 6 individual requirements contain explicit keyword matches to prEN 18229-1 terminology. The mapping is established at the control level based on overall subject matter and domain alignment. This represents a traceability gap at the requirement level -- consider adding explicit prEN 18229-1 language to one or more requirements to strengthen direct traceability."
G.GV.C-02,Art. 13 - Transparency Disclosures,"ARISE control COC: Data Ethics (GOVERN) maps to Art. 13 - Transparency Disclosures of prEN 18229-1, which covers AI trustworthiness requirements including logging specifications (Art. 12), transparency disclosures (Art. 13), and human oversight mechanisms (Art. 14). 3 of 6 requirements demonstrate direct keyword alignment to this standard: G.GV.C-02-req-01 (Data Ethics Principles: Define fairness, transparency, accountability, privacy, inclusivity.) -- matched terms: accountability, ethics, fairness, transparency"
G.GV.C-03,Art. 12 - Logging Specifications,"ARISE control COC: Ethical Principles for AI & Tech (GOVERN) maps to Art. 12 - Logging Specifications of prEN 18229-1, which covers AI trustworthiness requirements including logging specifications (Art. 12), transparency disclosures (Art. 13), and human oversight mechanisms (Art. 14). 5 of 7 requirements demonstrate direct keyword alignment to this standard: G.GV.C-03-req-01 (Ethical Framework Publication: Publish AI-ethics principles and implications.) -- matched terms: ethics"
G.GV.P-01,Arts. 12-14 - Trustworthiness,"ARISE control Core Policies (GOVERN) maps to Arts. 12-14 - Trustworthiness of prEN 18229-1, which covers AI trustworthiness requirements including logging specifications (Art. 12), transparency disclosures (Art. 13), and human oversight mechanisms (Art. 14). 2 of 8 requirements demonstrate direct keyword alignment to this standard: G.GV.P-01-req-02 (Policy Creation & Approval: Owner/approver, purpose, scope, roles, standards, enforcement; endorsed by Top Management/Oversight.) -- matched terms: oversight"
G.GV.P-02,Arts. 12-14 - Trustworthiness Requirements,"ARISE control Security Policies (GOVERN) maps to Arts. 12-14 - Trustworthiness Requirements of prEN 18229-1, which covers AI trustworthiness requirements including logging specifications (Art. 12), transparency disclosures (Art. 13), and human oversight mechanisms (Art. 14). 1 of 6 requirements demonstrate direct keyword alignment to this standard: G.GV.P-02-req-01 (Policy Content: IAM, encryption, logging, IR, physical security, VM, acceptable use.) -- matched terms: log, logging. These requirements substantively address prEN 18229-1 obligations at the individual requirement level, confirming strong traceability."
G.GV.P-03,Arts. 12-14 - Trustworthiness Requirements,"ARISE control Response & Resilience Policies (GOVERN) maps to Arts. 12-14 - Trustworthiness Requirements of prEN 18229-1, which covers AI trustworthiness requirements including logging specifications (Art. 12), transparency disclosures (Art. 13), and human oversight mechanisms (Art. 14). The control addresses: Ensure preparedness, continuity, and rapid recovery via IR, BCP, and DR policies.. None of the 7 individual requirements contain explicit keyword matches to prEN 18229-1 terminology. The mapping is established at the control level based on overall subject matter and domain alignment. This represents a traceability gap at the requirement level -- consider adding explicit prEN 18229-1 language to one or more requirements to strengthen direct traceability."
G.GV.P-04,Arts. 12-14 - Trustworthiness Requirements,"ARISE control AI Policies (GOVERN) maps to Arts. 12-14 - Trustworthiness Requirements of prEN 18229-1, which covers AI trustworthiness requirements including logging specifications (Art. 12), transparency disclosures (Art. 13), and human oversight mechanisms (Art. 14). 3 of 6 requirements demonstrate direct keyword alignment to this standard: G.GV.P-04-req-01 (Policy Components: Data governance, model development, transparency, human oversight, fairness, explainability, robustness, lifecycle monitoring.) -- matched terms: explainab, fairness, human oversight, oversight, transparency"
G.GV.P-05,Arts. 12-14 - Trustworthiness Requirements,"ARISE control Privacy Policies (GOVERN) maps to Arts. 12-14 - Trustworthiness Requirements of prEN 18229-1, which covers AI trustworthiness requirements including logging specifications (Art. 12), transparency disclosures (Art. 13), and human oversight mechanisms (Art. 14). 3 of 7 requirements demonstrate direct keyword alignment to this standard: G.GV.P-05-req-03 (Rights & Consent: Enable data-subject rights; record consent/lawful basis; FRIA where applicable.) -- matched terms: record"
G.GV.P-06,Art. 12 - Logging Specifications,"ARISE control Ethics Policies (GOVERN) maps to Art. 12 - Logging Specifications of prEN 18229-1, which covers AI trustworthiness requirements including logging specifications (Art. 12), transparency disclosures (Art. 13), and human oversight mechanisms (Art. 14). 3 of 6 requirements demonstrate direct keyword alignment to this standard: G.GV.P-06-req-01 (Ethics Framework: Define core principles (respect, fairness, accountability, transparency, non-maleficence).) -- matched terms: accountability, ethics, fairness, transparency"
G.GV.P-07,Arts. 12-14 - Trustworthiness Requirements,"ARISE control HR Policies (GOVERN) maps to Arts. 12-14 - Trustworthiness Requirements of prEN 18229-1, which covers AI trustworthiness requirements including logging specifications (Art. 12), transparency disclosures (Art. 13), and human oversight mechanisms (Art. 14). The control addresses: Ensure HR practices support secure, ethical, and responsible conduct throughout the employee lifecycle.. None of the 6 individual requirements contain explicit keyword matches to prEN 18229-1 terminology. The mapping is established at the control level based on overall subject matter and domain alignment. This represents a traceability gap at the requirement level -- consider adding explicit prEN 18229-1 language to one or more requirements to strengthen direct traceability."
G.GV.P-08,Arts. 12-14 - Trustworthiness Requirements,"ARISE control Supply-Chain Policies (GOVERN) maps to Arts. 12-14 - Trustworthiness Requirements of prEN 18229-1, which covers AI trustworthiness requirements including logging specifications (Art. 12), transparency disclosures (Art. 13), and human oversight mechanisms (Art. 14). The control addresses: Ensure suppliers and partners meet organizational security, privacy, and ethical standards throughout the contract lifecycle.. None of the 6 individual requirements contain explicit keyword matches to prEN 18229-1 terminology. The mapping is established at the control level based on overall subject matter and domain alignment. This represents a traceability gap at the requirement level -- consider adding explicit prEN 18229-1 language to one or more requirements to strengthen direct traceability."
G.GV.P-09,Arts. 12-14 - Trustworthiness Requirements,"ARISE control Data-Governance Policies (GOVERN) maps to Arts. 12-14 - Trustworthiness Requirements of prEN 18229-1, which covers AI trustworthiness requirements including logging specifications (Art. 12), transparency disclosures (Art. 13), and human oversight mechanisms (Art. 14). 1 of 7 requirements demonstrate direct keyword alignment to this standard: G.GV.P-09-req-07 (Automated Data Catalog & Lineage: Implement automated scanning to map data flow and transformation from source to model (lineage), enabling instant impact analysis during incidents.) -- matched terms: log. These requirements substantively address prEN 18229-1 obligations at the individual requirement level, confirming strong traceability."
G.GV.S-01,Arts. 12-14 - Trustworthiness Requirements,"ARISE control Core Standards (GOVERN) maps to Arts. 12-14 - Trustworthiness Requirements of prEN 18229-1, which covers AI trustworthiness requirements including logging specifications (Art. 12), transparency disclosures (Art. 13), and human oversight mechanisms (Art. 14). 1 of 9 requirements demonstrate direct keyword alignment to this standard: G.GV.S-01-req-06 (Training and Enforcement: Train implementers; enforce accountability.) -- matched terms: accountability. These requirements substantively address prEN 18229-1 obligations at the individual requirement level, confirming strong traceability."
G.GV.S-02,Arts. 12-14 - Trustworthiness Requirements,"ARISE control Security Standards (GOVERN) maps to Arts. 12-14 - Trustworthiness Requirements of prEN 18229-1, which covers AI trustworthiness requirements including logging specifications (Art. 12), transparency disclosures (Art. 13), and human oversight mechanisms (Art. 14). 1 of 10 requirements demonstrate direct keyword alignment to this standard: G.GV.S-02-req-06 (Logging/Monitoring Standards: Events, retention, SIEM correlation.) -- matched terms: log, logging. These requirements substantively address prEN 18229-1 obligations at the individual requirement level, confirming strong traceability."
G.GV.S-03,Arts. 12-14 - Trustworthiness Requirements,"ARISE control Response & Resilience Standards (GOVERN) maps to Arts. 12-14 - Trustworthiness Requirements of prEN 18229-1, which covers AI trustworthiness requirements including logging specifications (Art. 12), transparency disclosures (Art. 13), and human oversight mechanisms (Art. 14). The control addresses: Define standardized processes/criteria for incident response, DR, and business continuity including AI-specific failure modes.. None of the 7 individual requirements contain explicit keyword matches to prEN 18229-1 terminology. The mapping is established at the control level based on overall subject matter and domain alignment. This represents a traceability gap at the requirement level -- consider adding explicit prEN 18229-1 language to one or more requirements to strengthen direct traceability."
G.GV.S-04,Art. 13 - Transparency Disclosures,"ARISE control AI Standards (GOVERN) maps to Art. 13 - Transparency Disclosures of prEN 18229-1, which covers AI trustworthiness requirements including logging specifications (Art. 12), transparency disclosures (Art. 13), and human oversight mechanisms (Art. 14). 3 of 9 requirements demonstrate direct keyword alignment to this standard: G.GV.S-04-req-02 (Transparency & Disclosure: Label AI-generated content; user disclosures as applicable.) -- matched terms: disclosure, transparency"
G.LR-01,Art. 14 - Human Oversight Mechanisms,"ARISE control Data Privacy Compliance (GOVERN) maps to Art. 14 - Human Oversight Mechanisms of prEN 18229-1, which covers AI trustworthiness requirements including logging specifications (Art. 12), transparency disclosures (Art. 13), and human oversight mechanisms (Art. 14). 3 of 9 requirements demonstrate direct keyword alignment to this standard: G.LR-01-req-04 (Vendor Accountability: Contracts mirroring privacy obligations.) -- matched terms: accountability"
G.LR-02,Arts. 12-14 - Trustworthiness Requirements,"ARISE control Intellectual Property (IP) Management (GOVERN) maps to Arts. 12-14 - Trustworthiness Requirements of prEN 18229-1, which covers AI trustworthiness requirements including logging specifications (Art. 12), transparency disclosures (Art. 13), and human oversight mechanisms (Art. 14). The control addresses: Protect IP assets—including proprietary data, algorithms, code, documentation, and AI models—while respecting third-party rights.. None of the 9 individual requirements contain explicit keyword matches to prEN 18229-1 terminology. The mapping is established at the control level based on overall subject matter and domain alignment. This represents a traceability gap at the requirement level -- consider adding explicit prEN 18229-1 language to one or more requirements to strengthen direct traceability."
G.LR-03,Art. 13 - Transparency Disclosures,"ARISE control AI Regulatory Compliance (GOVERN) maps to Art. 13 - Transparency Disclosures of prEN 18229-1, which covers AI trustworthiness requirements including logging specifications (Art. 12), transparency disclosures (Art. 13), and human oversight mechanisms (Art. 14). 3 of 8 requirements demonstrate direct keyword alignment to this standard: G.LR-03-req-02 (Human Oversight Mechanisms: Identify/document oversight for high-risk AI.) -- matched terms: human oversight, oversight"
G.LR-04,Arts. 12-14 - Trustworthiness Requirements,"ARISE control Cybersecurity Regulatory Compliance (GOVERN) maps to Arts. 12-14 - Trustworthiness Requirements of prEN 18229-1, which covers AI trustworthiness requirements including logging specifications (Art. 12), transparency disclosures (Art. 13), and human oversight mechanisms (Art. 14). 1 of 7 requirements demonstrate direct keyword alignment to this standard: G.LR-04-req-04 (Evidence Retention: Maintain logs, audit trails, pen-test reports.) -- matched terms: audit trail, log. These requirements substantively address prEN 18229-1 obligations at the individual requirement level, confirming strong traceability."
G.LR-05,Art. 12 - Logging Specifications,"ARISE control Ethical Use, Fairness & Bias Compliance (GOVERN) maps to Art. 12 - Logging Specifications of prEN 18229-1, which covers AI trustworthiness requirements including logging specifications (Art. 12), transparency disclosures (Art. 13), and human oversight mechanisms (Art. 14). 7 of 8 requirements demonstrate direct keyword alignment to this standard: G.LR-05-req-01 (Transparency Controls: Document model purpose, limits, data sources.) -- matched terms: transparency"
G.OV,Arts. 12-14 - Trustworthiness Requirements,"ARISE control Org Values & Governance (GOVERN) maps to Arts. 12-14 - Trustworthiness Requirements of prEN 18229-1, which covers AI trustworthiness requirements including logging specifications (Art. 12), transparency disclosures (Art. 13), and human oversight mechanisms (Art. 14). 3 of 7 requirements demonstrate direct keyword alignment to this standard: G.OV-req-01 (Values Definition & Governance: Define tenets (Accountability, Fairness, Inclusivity, Transparency, Integrity, Stewardship); leadership endorsement and annual reaffirmation.) -- matched terms: accountability, fairness, transparency"
G.PR-01,Arts. 12-14 - Trustworthiness Requirements,"ARISE control Privacy Program (GOVERN) maps to Arts. 12-14 - Trustworthiness Requirements of prEN 18229-1, which covers AI trustworthiness requirements including logging specifications (Art. 12), transparency disclosures (Art. 13), and human oversight mechanisms (Art. 14). 2 of 11 requirements demonstrate direct keyword alignment to this standard: G.PR-01-req-02 (Privacy Framework: Principles (lawfulness, fairness, transparency, purpose limitation, minimization, accuracy, storage limitation, integrity/confidentiality, accountability).) -- matched terms: accountability, fairness, transparency"
G.RM-01,Arts. 12-14 - Trustworthiness Requirements,"ARISE control Risk Management Framework (GOVERN) maps to Arts. 12-14 - Trustworthiness Requirements of prEN 18229-1, which covers AI trustworthiness requirements including logging specifications (Art. 12), transparency disclosures (Art. 13), and human oversight mechanisms (Art. 14). 1 of 10 requirements demonstrate direct keyword alignment to this standard: G.RM-01-req-03 (Risk Register: System of record with likelihood/impact/rating/owner/mitigation/residual.) -- matched terms: record. These requirements substantively address prEN 18229-1 obligations at the individual requirement level, confirming strong traceability."
G.RM-02,Arts. 12-14 - Trustworthiness Requirements,"ARISE control Risk Appetite and Tolerance (GOVERN) maps to Arts. 12-14 - Trustworthiness Requirements of prEN 18229-1, which covers AI trustworthiness requirements including logging specifications (Art. 12), transparency disclosures (Art. 13), and human oversight mechanisms (Art. 14). 2 of 7 requirements demonstrate direct keyword alignment to this standard: G.RM-02-req-02 (Tolerance Metrics: Quantitative limits (loss thresholds, AI bias deviation).) -- matched terms: bias"
G.RM-03,Arts. 12-14 - Trustworthiness Requirements,"ARISE control Risk Management Program: AI (GOVERN) maps to Arts. 12-14 - Trustworthiness Requirements of prEN 18229-1, which covers AI trustworthiness requirements including logging specifications (Art. 12), transparency disclosures (Art. 13), and human oversight mechanisms (Art. 14). 5 of 10 requirements demonstrate direct keyword alignment to this standard: G.RM-03-req-05 (Ethics & Human Oversight points for decisions/conflicts.) -- matched terms: ethics, human oversight, oversight"
G.RM-04,Arts. 12-14 - Trustworthiness Requirements,"ARISE control Risk-Management Program: Cybersecurity (GOVERN) maps to Arts. 12-14 - Trustworthiness Requirements of prEN 18229-1, which covers AI trustworthiness requirements including logging specifications (Art. 12), transparency disclosures (Art. 13), and human oversight mechanisms (Art. 14). The control addresses: Continuously identify, analyze, and mitigate cybersecurity risks aligned to threat intel, business impact, and obligations.. None of the 10 individual requirements contain explicit keyword matches to prEN 18229-1 terminology. The mapping is established at the control level based on overall subject matter and domain alignment. This represents a traceability gap at the requirement level -- consider adding explicit prEN 18229-1 language to one or more requirements to strengthen direct traceability."
G.RM-05,Arts. 12-14 - Trustworthiness Requirements,"ARISE control Risk-Management Program: Third-Party (GOVERN) maps to Arts. 12-14 - Trustworthiness Requirements of prEN 18229-1, which covers AI trustworthiness requirements including logging specifications (Art. 12), transparency disclosures (Art. 13), and human oversight mechanisms (Art. 14). The control addresses: Identify and manage risks posed by vendors/partners to protect data, systems, and AI integrity.. None of the 9 individual requirements contain explicit keyword matches to prEN 18229-1 terminology. The mapping is established at the control level based on overall subject matter and domain alignment. This represents a traceability gap at the requirement level -- consider adding explicit prEN 18229-1 language to one or more requirements to strengthen direct traceability."
G.ST.B,Arts. 12-14 - Trustworthiness Requirements,"ARISE control System Boundaries (GOVERN) maps to Arts. 12-14 - Trustworthiness Requirements of prEN 18229-1, which covers AI trustworthiness requirements including logging specifications (Art. 12), transparency disclosures (Art. 13), and human oversight mechanisms (Art. 14). 1 of 6 requirements demonstrate direct keyword alignment to this standard: G.ST.B-req-1 (Boundary Definition: Maintain current diagrams/inventories delineating in-scope vs. out-of-scope components, trust zones, and interfaces.) -- matched terms: trust. These requirements substantively address prEN 18229-1 obligations at the individual requirement level, confirming strong traceability."
G.ST.O-01,Arts. 12-14 - Trustworthiness Requirements,"ARISE control Mission Statement (GOVERN) maps to Arts. 12-14 - Trustworthiness Requirements of prEN 18229-1, which covers AI trustworthiness requirements including logging specifications (Art. 12), transparency disclosures (Art. 13), and human oversight mechanisms (Art. 14). 3 of 7 requirements demonstrate direct keyword alignment to this standard: G.ST.O-01-req-1 (Mission Definition: Maintain a written mission statement that explains who is served, services/outcomes provided, and principles that guide trustworthy technology and data stewardship.) -- matched terms: log, trust"
G.ST.O-02,Arts. 12-14 - Trustworthiness Requirements,"ARISE control Goals & Context (GOVERN) maps to Arts. 12-14 - Trustworthiness Requirements of prEN 18229-1, which covers AI trustworthiness requirements including logging specifications (Art. 12), transparency disclosures (Art. 13), and human oversight mechanisms (Art. 14). 1 of 6 requirements demonstrate direct keyword alignment to this standard: G.ST.O-02-req-5 (Records: Maintain context register and review minutes.) -- matched terms: record. These requirements substantively address prEN 18229-1 obligations at the individual requirement level, confirming strong traceability."
G.ST.S-01,Arts. 12-14 - Trustworthiness Requirements,"ARISE control AI Scope (GOVERN) maps to Arts. 12-14 - Trustworthiness Requirements of prEN 18229-1, which covers AI trustworthiness requirements including logging specifications (Art. 12), transparency disclosures (Art. 13), and human oversight mechanisms (Art. 14). 1 of 6 requirements demonstrate direct keyword alignment to this standard: G.ST.S-01-req-6 (Evidence: Keep inventory exports, risk decisions, approvals, and change records.) -- matched terms: record. These requirements substantively address prEN 18229-1 obligations at the individual requirement level, confirming strong traceability."
G.ST.S-02,Arts. 12-14 - Trustworthiness Requirements,"ARISE control Security Scope (GOVERN) maps to Arts. 12-14 - Trustworthiness Requirements of prEN 18229-1, which covers AI trustworthiness requirements including logging specifications (Art. 12), transparency disclosures (Art. 13), and human oversight mechanisms (Art. 14). The control addresses: Establish which assets and environments are protected by the security program and how protection is proportionate to risk and criticality.. None of the 6 individual requirements contain explicit keyword matches to prEN 18229-1 terminology. The mapping is established at the control level based on overall subject matter and domain alignment. This represents a traceability gap at the requirement level -- consider adding explicit prEN 18229-1 language to one or more requirements to strengthen direct traceability."
G.ST.S-03,Arts. 12-14 - Trustworthiness Requirements,"ARISE control Regulatory Scope (GOVERN) maps to Arts. 12-14 - Trustworthiness Requirements of prEN 18229-1, which covers AI trustworthiness requirements including logging specifications (Art. 12), transparency disclosures (Art. 13), and human oversight mechanisms (Art. 14). 1 of 5 requirements demonstrate direct keyword alignment to this standard: G.ST.S-03-req-3 (Evidence Strategy: Define required records, retention, and reporting triggers.) -- matched terms: record. These requirements substantively address prEN 18229-1 obligations at the individual requirement level, confirming strong traceability."
M.CM,Arts. 12-14 - Trustworthiness Requirements,"ARISE control Change Management (MANAGE) maps to Arts. 12-14 - Trustworthiness Requirements of prEN 18229-1, which covers AI trustworthiness requirements including logging specifications (Art. 12), transparency disclosures (Art. 13), and human oversight mechanisms (Art. 14). The control addresses: Ensure all changes to systems, datasets, AI models, and configurations are risk-assessed, approved, and auditable.. None of the 8 individual requirements contain explicit keyword matches to prEN 18229-1 terminology. The mapping is established at the control level based on overall subject matter and domain alignment. This represents a traceability gap at the requirement level -- consider adding explicit prEN 18229-1 language to one or more requirements to strengthen direct traceability."
M.DV-01,Arts. 12-14 - Trustworthiness,"ARISE control AI System Lifecycle (MANAGE) maps to Arts. 12-14 - Trustworthiness of prEN 18229-1, which covers AI trustworthiness requirements including logging specifications (Art. 12), transparency disclosures (Art. 13), and human oversight mechanisms (Art. 14). 1 of 8 requirements demonstrate direct keyword alignment to this standard: M.DV-01-req-03 (Documentation Requirements: Require model cards, data sheets, and fairness/robustness testing reports.) -- matched terms: fairness. These requirements substantively address prEN 18229-1 obligations at the individual requirement level, confirming strong traceability."
M.DV-02,Arts. 12-14 - Trustworthiness Requirements,"ARISE control Software Development Lifecycle (SDLC) (MANAGE) maps to Arts. 12-14 - Trustworthiness Requirements of prEN 18229-1, which covers AI trustworthiness requirements including logging specifications (Art. 12), transparency disclosures (Art. 13), and human oversight mechanisms (Art. 14). The control addresses: Embed secure coding, privacy, and responsible-AI practices in all software development.. None of the 7 individual requirements contain explicit keyword matches to prEN 18229-1 terminology. The mapping is established at the control level based on overall subject matter and domain alignment. This represents a traceability gap at the requirement level -- consider adding explicit prEN 18229-1 language to one or more requirements to strengthen direct traceability."
M.HR,Art. 12 - Logging Specifications,"ARISE control Human Resources (MANAGE) maps to Art. 12 - Logging Specifications of prEN 18229-1, which covers AI trustworthiness requirements including logging specifications (Art. 12), transparency disclosures (Art. 13), and human oversight mechanisms (Art. 14). 2 of 7 requirements demonstrate direct keyword alignment to this standard: M.HR-req-02 (Onboarding: Require confidentiality, acceptable-use, and ethics acknowledgments.) -- matched terms: ethics"
M.OV-01,Art. 12 - Logging Specifications,"ARISE control Ethics Oversight Committee (MANAGE) maps to Art. 12 - Logging Specifications of prEN 18229-1, which covers AI trustworthiness requirements including logging specifications (Art. 12), transparency disclosures (Art. 13), and human oversight mechanisms (Art. 14). 3 of 7 requirements demonstrate direct keyword alignment to this standard: M.OV-01-req-04 (Ethical Review Process: Evaluate bias, fairness, cultural impact, explainability, and proportionality.) -- matched terms: bias, explainab, fairness"
M.OV-02,Art. 14 - Human Oversight Mechanisms,"ARISE control Privacy Oversight Committee (MANAGE) maps to Art. 14 - Human Oversight Mechanisms of prEN 18229-1, which covers AI trustworthiness requirements including logging specifications (Art. 12), transparency disclosures (Art. 13), and human oversight mechanisms (Art. 14). 2 of 7 requirements demonstrate direct keyword alignment to this standard: M.OV-02-req-01 (Charter & Authority: Define committee scope for privacy oversight.) -- matched terms: oversight"
M.OV-03,Art. 14 - Human Oversight Mechanisms,"ARISE control Security Oversight Committee (MANAGE) maps to Art. 14 - Human Oversight Mechanisms of prEN 18229-1, which covers AI trustworthiness requirements including logging specifications (Art. 12), transparency disclosures (Art. 13), and human oversight mechanisms (Art. 14). 1 of 7 requirements demonstrate direct keyword alignment to this standard: M.OV-03-req-07 (Cyber-Physical & Safety Risk Integration: Expand oversight to include Operational Technology (OT) and Cyber-Physical Systems (CPS), ensuring digital security decisions do not compromise physical safety (e.g., manufacturing robots, autonomous vehicles).) -- matched terms: log, oversight. These requirements substantively address prEN 18229-1 obligations at the individual requirement level, confirming strong traceability."
M.PM,Arts. 12-14 - Trustworthiness Requirements,"ARISE control Performance Metrics (MANAGE) maps to Arts. 12-14 - Trustworthiness Requirements of prEN 18229-1, which covers AI trustworthiness requirements including logging specifications (Art. 12), transparency disclosures (Art. 13), and human oversight mechanisms (Art. 14). 3 of 8 requirements demonstrate direct keyword alignment to this standard: M.PM-req-01 (KPI Framework — Define standardized KPIs and KRIs aligned with strategic goals and risk appetite (e.g., MTTD, patch compliance, AI model drift rate, bias index, data-loss incidents, control-audit pass rates).) -- matched terms: bias"
M.PR,Arts. 12-14 - Trustworthiness Requirements,"ARISE control Privacy Program (MANAGE) maps to Arts. 12-14 - Trustworthiness Requirements of prEN 18229-1, which covers AI trustworthiness requirements including logging specifications (Art. 12), transparency disclosures (Art. 13), and human oversight mechanisms (Art. 14). 3 of 8 requirements demonstrate direct keyword alignment to this standard: M.PR-req-01 (ROPA & Data Maps — Maintain comprehensive processing inventories (Records of Processing Activities).) -- matched terms: record"
M.RM-01,Arts. 12-14 - Trustworthiness Requirements,"ARISE control Third-Party Risk Management (MANAGE) maps to Arts. 12-14 - Trustworthiness Requirements of prEN 18229-1, which covers AI trustworthiness requirements including logging specifications (Art. 12), transparency disclosures (Art. 13), and human oversight mechanisms (Art. 14). 2 of 9 requirements demonstrate direct keyword alignment to this standard: M.RM-01-req-05 (AI-Specific Controls — Validate vendor AI systems for fairness, explainability, safety, and compliance with applicable regulations.) -- matched terms: explainab, fairness"
M.RM-02,Arts. 12-14 - Trustworthiness Requirements,"ARISE control AI Risk Management (MANAGE) maps to Arts. 12-14 - Trustworthiness Requirements of prEN 18229-1, which covers AI trustworthiness requirements including logging specifications (Art. 12), transparency disclosures (Art. 13), and human oversight mechanisms (Art. 14). 2 of 9 requirements demonstrate direct keyword alignment to this standard: M.RM-02-req-03 (Human Oversight — Document escalation paths and responsible human controllers for decision checkpoints.) -- matched terms: human oversight, oversight"
M.RM-03,Arts. 12-14 - Trustworthiness Requirements,"ARISE control Cybersecurity Risk Management (MANAGE) maps to Arts. 12-14 - Trustworthiness Requirements of prEN 18229-1, which covers AI trustworthiness requirements including logging specifications (Art. 12), transparency disclosures (Art. 13), and human oversight mechanisms (Art. 14). 1 of 9 requirements demonstrate direct keyword alignment to this standard: M.RM-03-req-06 (Continuous Monitoring: Use SIEM, XDR, log analytics, and behavioral analytics.) -- matched terms: log. These requirements substantively address prEN 18229-1 obligations at the individual requirement level, confirming strong traceability."
M.RP,Arts. 12-14 - Trustworthiness Requirements,"ARISE control Reporting (MANAGE) maps to Arts. 12-14 - Trustworthiness Requirements of prEN 18229-1, which covers AI trustworthiness requirements including logging specifications (Art. 12), transparency disclosures (Art. 13), and human oversight mechanisms (Art. 14). 1 of 8 requirements demonstrate direct keyword alignment to this standard: M.RP-req-06 (Record Retention: Archive reports for at least 3 years for auditability.) -- matched terms: record. These requirements substantively address prEN 18229-1 obligations at the individual requirement level, confirming strong traceability."
I.AM-01,Arts. 12-14 - Trustworthiness Requirements,"ARISE control AI System Inventory (IDENTIFY) maps to Arts. 12-14 - Trustworthiness Requirements of prEN 18229-1, which covers AI trustworthiness requirements including logging specifications (Art. 12), transparency disclosures (Art. 13), and human oversight mechanisms (Art. 14). 5 of 10 requirements demonstrate direct keyword alignment to this standard: I.AM-01-req-04 (Lifecycle Traceability: Link code repos, data catalogs, MLOps registries, feature stores, and experiment trackers; track model version transitions, deprecation, and retirement.) -- matched terms: log"
I.AM-02,Arts. 12-14 - Trustworthiness Requirements,"ARISE control System Asset Management (IDENTIFY) maps to Arts. 12-14 - Trustworthiness Requirements of prEN 18229-1, which covers AI trustworthiness requirements including logging specifications (Art. 12), transparency disclosures (Art. 13), and human oversight mechanisms (Art. 14). 4 of 9 requirements demonstrate direct keyword alignment to this standard: I.AM-02-req-02 (Ownership & Classification: Assign a technical and business owner; apply data classification and security categorization; record SBOMs/MBOMs where applicable.) -- matched terms: record"
I.AM-03,Arts. 12-14 - Trustworthiness Requirements,"ARISE control BYOD Asset Management (IDENTIFY) maps to Arts. 12-14 - Trustworthiness Requirements of prEN 18229-1, which covers AI trustworthiness requirements including logging specifications (Art. 12), transparency disclosures (Art. 13), and human oversight mechanisms (Art. 14). 1 of 7 requirements demonstrate direct keyword alignment to this standard: I.AM-03-req-06 (Logging & Revocation: Log access; revoke immediately upon termination or non-compliance.) -- matched terms: log, logging. These requirements substantively address prEN 18229-1 obligations at the individual requirement level, confirming strong traceability."
I.DG-01,Arts. 12-14 - Trustworthiness Requirements,"ARISE control Data Mapping (IDENTIFY) maps to Arts. 12-14 - Trustworthiness Requirements of prEN 18229-1, which covers AI trustworthiness requirements including logging specifications (Art. 12), transparency disclosures (Art. 13), and human oversight mechanisms (Art. 14). 2 of 7 requirements demonstrate direct keyword alignment to this standard: I.DG-01-req-01 (Data Inventories: Catalog datasets with owners, categories, sensitivity, purpose, lawful basis. (100% critical data flows documented and current.)) -- matched terms: log"
I.IM-01,Arts. 12-14 - Trustworthiness Requirements,"ARISE control AI Impacts (IDENTIFY) maps to Arts. 12-14 - Trustworthiness Requirements of prEN 18229-1, which covers AI trustworthiness requirements including logging specifications (Art. 12), transparency disclosures (Art. 13), and human oversight mechanisms (Art. 14). 2 of 7 requirements demonstrate direct keyword alignment to this standard: I.IM-01-req-01 (Impact Assessment: Evaluate rights, discrimination, safety, economic, environmental, trust impacts.) -- matched terms: trust"
I.RM-01,Arts. 12-14 - Trustworthiness,"ARISE control Risk Identification (IDENTIFY) maps to Arts. 12-14 - Trustworthiness of prEN 18229-1, which covers AI trustworthiness requirements including logging specifications (Art. 12), transparency disclosures (Art. 13), and human oversight mechanisms (Art. 14). 2 of 5 requirements demonstrate direct keyword alignment to this standard: I.RM-01-req-02 (Register & Treatment: Log risks with treatment plans, owners, due dates, residual ratings.) -- matched terms: log"
I.RM-02,Arts. 12-14 - Trustworthiness Requirements,"ARISE control Insider Threat (IDENTIFY) maps to Arts. 12-14 - Trustworthiness Requirements of prEN 18229-1, which covers AI trustworthiness requirements including logging specifications (Art. 12), transparency disclosures (Art. 13), and human oversight mechanisms (Art. 14). 1 of 7 requirements demonstrate direct keyword alignment to this standard: I.RM-02-req-01 (Establish insider threat program with HR, Security, Legal oversight.) -- matched terms: oversight. These requirements substantively address prEN 18229-1 obligations at the individual requirement level, confirming strong traceability."
I.SC-01,Arts. 12-14 - Trustworthiness Requirements,"ARISE control Supply Chain Risk (IDENTIFY) maps to Arts. 12-14 - Trustworthiness Requirements of prEN 18229-1, which covers AI trustworthiness requirements including logging specifications (Art. 12), transparency disclosures (Art. 13), and human oversight mechanisms (Art. 14). 1 of 7 requirements demonstrate direct keyword alignment to this standard: I.SC-01-req-03 (Assurance Inputs: Require SBOM/MBOM, provenance, vulnerability disclosures.) -- matched terms: disclosure. These requirements substantively address prEN 18229-1 obligations at the individual requirement level, confirming strong traceability."
I.TH-01,Arts. 12-14 - Trustworthiness Requirements,"ARISE control Security Thresholds (IDENTIFY) maps to Arts. 12-14 - Trustworthiness Requirements of prEN 18229-1, which covers AI trustworthiness requirements including logging specifications (Art. 12), transparency disclosures (Art. 13), and human oversight mechanisms (Art. 14). 1 of 6 requirements demonstrate direct keyword alignment to this standard: I.TH-01-req-06 (Adaptive Thresholding: Implement dynamic thresholding logic that utilizes historical behavioral baselines to automatically adjust trigger levels based on time-of-day or cyclical network patterns.) -- matched terms: log. These requirements substantively address prEN 18229-1 obligations at the individual requirement level, confirming strong traceability."
I.TH-02,Art. 13 - Transparency Disclosures,"ARISE control AI Operational Thresholds (IDENTIFY) maps to Art. 13 - Transparency Disclosures of prEN 18229-1, which covers AI trustworthiness requirements including logging specifications (Art. 12), transparency disclosures (Art. 13), and human oversight mechanisms (Art. 14). 1 of 6 requirements demonstrate direct keyword alignment to this standard: I.TH-02-req-03 (Quantitative Gates: Define accuracy, robustness, fairness, calibration, and explainability coverage metrics.) -- matched terms: explainab, fairness. These requirements substantively address prEN 18229-1 obligations at the individual requirement level, confirming strong traceability."
I.TM-01,Arts. 12-14 - Trustworthiness Requirements,"ARISE control Threat Management (IDENTIFY) maps to Arts. 12-14 - Trustworthiness Requirements of prEN 18229-1, which covers AI trustworthiness requirements including logging specifications (Art. 12), transparency disclosures (Art. 13), and human oversight mechanisms (Art. 14). 4 of 9 requirements demonstrate direct keyword alignment to this standard: I.TM-01-req-01 (Threat Library: Maintain catalog including AI-specific vectors.) -- matched terms: log"
P.AC.M-01,Arts. 12-14 - Trustworthiness,"ARISE control Bias (PROTECT) maps to Arts. 12-14 - Trustworthiness of prEN 18229-1, which covers AI trustworthiness requirements including logging specifications (Art. 12), transparency disclosures (Art. 13), and human oversight mechanisms (Art. 14). 5 of 7 requirements demonstrate direct keyword alignment to this standard: P.AC.M-01-req-01 (Documentation: Model cards with fairness assumptions, metrics, mitigations, limitations; re-evaluate on data/model changes.) -- matched terms: fairness"
P.AC.M-02,Arts. 12-14 - Trustworthiness Requirements,"ARISE control Robustness (PROTECT) maps to Arts. 12-14 - Trustworthiness Requirements of prEN 18229-1, which covers AI trustworthiness requirements including logging specifications (Art. 12), transparency disclosures (Art. 13), and human oversight mechanisms (Art. 14). The control addresses: Ensure models withstand distribution shift and adversarial conditions; enable predictable fail-safe behavior.. None of the 6 individual requirements contain explicit keyword matches to prEN 18229-1 terminology. The mapping is established at the control level based on overall subject matter and domain alignment. This represents a traceability gap at the requirement level -- consider adding explicit prEN 18229-1 language to one or more requirements to strengthen direct traceability."
P.AC.M-03,Art. 13 - Transparency Disclosures,"ARISE control Explainability (PROTECT) maps to Art. 13 - Transparency Disclosures of prEN 18229-1, which covers AI trustworthiness requirements including logging specifications (Art. 12), transparency disclosures (Art. 13), and human oversight mechanisms (Art. 14). 3 of 6 requirements demonstrate direct keyword alignment to this standard: P.AC.M-03-req-01 (Disclosures: Provide user-facing notices, known limitations, and appropriate guidance for decisions.) -- matched terms: disclosure"
P.AC.S-01,Arts. 12-14 - Trustworthiness Requirements,"ARISE control Datasets & Tagging (PROTECT) maps to Arts. 12-14 - Trustworthiness Requirements of prEN 18229-1, which covers AI trustworthiness requirements including logging specifications (Art. 12), transparency disclosures (Art. 13), and human oversight mechanisms (Art. 14). 3 of 7 requirements demonstrate direct keyword alignment to this standard: P.AC.S-01-req-01 (Provenance & Licensing: Record source, license terms, consent/usage rights; block unvetted datasets.) -- matched terms: record"
P.AC.S-02,Arts. 12-14 - Trustworthiness Requirements,"ARISE control AI-Specific Attack Vectors (PROTECT) maps to Arts. 12-14 - Trustworthiness Requirements of prEN 18229-1, which covers AI trustworthiness requirements including logging specifications (Art. 12), transparency disclosures (Art. 13), and human oversight mechanisms (Art. 14). 1 of 8 requirements demonstrate direct keyword alignment to this standard: P.AC.S-02-req-05 (Telemetry: Log prompts/responses (privacy-aware); detect anomalous patterns and exfil attempts.) -- matched terms: log. These requirements substantively address prEN 18229-1 obligations at the individual requirement level, confirming strong traceability."
P.AT-01,Arts. 12-14 - Trustworthiness Requirements,"ARISE control AI Training (PROTECT) maps to Arts. 12-14 - Trustworthiness Requirements of prEN 18229-1, which covers AI trustworthiness requirements including logging specifications (Art. 12), transparency disclosures (Art. 13), and human oversight mechanisms (Art. 14). 4 of 7 requirements demonstrate direct keyword alignment to this standard: P.AT-01-req-01 (Accountability: Managers ensure team completion; HR tracks compliance.) -- matched terms: accountability"
P.AT-02,Arts. 12-14 - Trustworthiness Requirements,"ARISE control Cybersecurity Training (PROTECT) maps to Arts. 12-14 - Trustworthiness Requirements of prEN 18229-1, which covers AI trustworthiness requirements including logging specifications (Art. 12), transparency disclosures (Art. 13), and human oversight mechanisms (Art. 14). The control addresses: Establish foundational and advanced security awareness to mitigate phishing, social-engineering, malware, and insider threats.. None of the 5 individual requirements contain explicit keyword matches to prEN 18229-1 terminology. The mapping is established at the control level based on overall subject matter and domain alignment. This represents a traceability gap at the requirement level -- consider adding explicit prEN 18229-1 language to one or more requirements to strengthen direct traceability."
P.AT-03,Arts. 12-14 - Trustworthiness,"ARISE control Governance Training (PROTECT) maps to Arts. 12-14 - Trustworthiness of prEN 18229-1, which covers AI trustworthiness requirements including logging specifications (Art. 12), transparency disclosures (Art. 13), and human oversight mechanisms (Art. 14). 2 of 6 requirements demonstrate direct keyword alignment to this standard: P.AT-03-req-03 (Committee Orientation: Onboarding decks for ethics, privacy, and security committees.) -- matched terms: ethics"
P.DS-01,Arts. 12-14 - Trustworthiness Requirements,"ARISE control Classification & Handling (PROTECT) maps to Arts. 12-14 - Trustworthiness Requirements of prEN 18229-1, which covers AI trustworthiness requirements including logging specifications (Art. 12), transparency disclosures (Art. 13), and human oversight mechanisms (Art. 14). The control addresses: Safeguard organizational and AI-related data through classification, labeling, and handling protocols aligned with sensitivity and regulatory requirements.. None of the 8 individual requirements contain explicit keyword matches to prEN 18229-1 terminology. The mapping is established at the control level based on overall subject matter and domain alignment. This represents a traceability gap at the requirement level -- consider adding explicit prEN 18229-1 language to one or more requirements to strengthen direct traceability."
P.DS-02,Arts. 12-14 - Trustworthiness Requirements,"ARISE control Cryptographic Management (PROTECT) maps to Arts. 12-14 - Trustworthiness Requirements of prEN 18229-1, which covers AI trustworthiness requirements including logging specifications (Art. 12), transparency disclosures (Art. 13), and human oversight mechanisms (Art. 14). The control addresses: Ensure confidentiality, integrity, and authenticity of data and AI models through modern, approved cryptographic controls.. None of the 6 individual requirements contain explicit keyword matches to prEN 18229-1 terminology. The mapping is established at the control level based on overall subject matter and domain alignment. This represents a traceability gap at the requirement level -- consider adding explicit prEN 18229-1 language to one or more requirements to strengthen direct traceability."
P.ES,Arts. 12-14 - Trustworthiness Requirements,"ARISE control Endpoint Security (PROTECT) maps to Arts. 12-14 - Trustworthiness Requirements of prEN 18229-1, which covers AI trustworthiness requirements including logging specifications (Art. 12), transparency disclosures (Art. 13), and human oversight mechanisms (Art. 14). 1 of 9 requirements demonstrate direct keyword alignment to this standard: P.ES-req-07 (Telemetry & Response: Endpoint logs to SIEM; SOAR playbooks for containment, triage, and wipe/reimage flows.) -- matched terms: log. These requirements substantively address prEN 18229-1 obligations at the individual requirement level, confirming strong traceability."
P.IM,Arts. 12-14 - Trustworthiness Requirements,"ARISE control Identity Management (PROTECT) maps to Arts. 12-14 - Trustworthiness Requirements of prEN 18229-1, which covers AI trustworthiness requirements including logging specifications (Art. 12), transparency disclosures (Art. 13), and human oversight mechanisms (Art. 14). 1 of 10 requirements demonstrate direct keyword alignment to this standard: P.IM-req-09 (Audit & Monitoring: Log all authentication, privilege-use, and identity lifecycle events; monitor anomalies.) -- matched terms: log. These requirements substantively address prEN 18229-1 obligations at the individual requirement level, confirming strong traceability."
P.NS,Arts. 12-14 - Trustworthiness,"ARISE control Network Security (PROTECT) maps to Arts. 12-14 - Trustworthiness of prEN 18229-1, which covers AI trustworthiness requirements including logging specifications (Art. 12), transparency disclosures (Art. 13), and human oversight mechanisms (Art. 14). 1 of 7 requirements demonstrate direct keyword alignment to this standard: P.NS-req-05 (Telemetry & Analytics: NetFlow/VPC flow logs; IDS/IPS with ML rules for AI traffic patterns; UEBA for anomalies.) -- matched terms: log. These requirements substantively address prEN 18229-1 obligations at the individual requirement level, confirming strong traceability."
P.PC,Art. 12 - Logging Specifications,"ARISE control Privacy Controls (PROTECT) maps to Art. 12 - Logging Specifications of prEN 18229-1, which covers AI trustworthiness requirements including logging specifications (Art. 12), transparency disclosures (Art. 13), and human oversight mechanisms (Art. 14). 3 of 7 requirements demonstrate direct keyword alignment to this standard: P.PC-req-05 (Audit Trails: Maintain logs of access and sharing.) -- matched terms: audit trail, log"
P.PS,Arts. 12-14 - Trustworthiness Requirements,"ARISE control Platform Security (PROTECT) maps to Arts. 12-14 - Trustworthiness Requirements of prEN 18229-1, which covers AI trustworthiness requirements including logging specifications (Art. 12), transparency disclosures (Art. 13), and human oversight mechanisms (Art. 14). 1 of 8 requirements demonstrate direct keyword alignment to this standard: P.PS-req-04 (Logging & Monitoring: Control-plane audit logs; Kubernetes audit; registry access logs; anomaly detection for container escapes or rogue pulls.) -- matched terms: log, logging. These requirements substantively address prEN 18229-1 obligations at the individual requirement level, confirming strong traceability."
P.PY-01,Arts. 12-14 - Trustworthiness Requirements,"ARISE control Access Controls (PROTECT) maps to Arts. 12-14 - Trustworthiness Requirements of prEN 18229-1, which covers AI trustworthiness requirements including logging specifications (Art. 12), transparency disclosures (Art. 13), and human oversight mechanisms (Art. 14). 1 of 4 requirements demonstrate direct keyword alignment to this standard: P.PY-01-req-01 (Perimeter & Entry: Badging, visitor vetting, mantraps where applicable; audit logs retained. (Visitor logs for all data rooms; dual-control access.)) -- matched terms: log. These requirements substantively address prEN 18229-1 obligations at the individual requirement level, confirming strong traceability."
P.PY-02,Arts. 12-14 - Trustworthiness Requirements,"ARISE control Environment Controls (PROTECT) maps to Arts. 12-14 - Trustworthiness Requirements of prEN 18229-1, which covers AI trustworthiness requirements including logging specifications (Art. 12), transparency disclosures (Art. 13), and human oversight mechanisms (Art. 14). 1 of 4 requirements demonstrate direct keyword alignment to this standard: P.PY-02-req-02 (Power & Cooling: UPS, generators, redundant HVAC; sensor alerting to NOC/SOC (Redundant power/cooling for critical rooms; maintenance logs.).) -- matched terms: log. These requirements substantively address prEN 18229-1 obligations at the individual requirement level, confirming strong traceability."
P.PY-03,Arts. 12-14 - Trustworthiness Requirements,"ARISE control Safety & Security (PROTECT) maps to Arts. 12-14 - Trustworthiness Requirements of prEN 18229-1, which covers AI trustworthiness requirements including logging specifications (Art. 12), transparency disclosures (Art. 13), and human oversight mechanisms (Art. 14). 2 of 4 requirements demonstrate direct keyword alignment to this standard: P.PY-03-req-02 (Secure Evacuation of Data/Media: Emergency seals, transport procedures, custody logs.) -- matched terms: log"
P.RC,Arts. 12-14 - Trustworthiness Requirements,"ARISE control Resilience Controls (PROTECT) maps to Arts. 12-14 - Trustworthiness Requirements of prEN 18229-1, which covers AI trustworthiness requirements including logging specifications (Art. 12), transparency disclosures (Art. 13), and human oversight mechanisms (Art. 14). 2 of 10 requirements demonstrate direct keyword alignment to this standard: P.RC-req-08 (Continuous Improvement: PIRs drive updates to runbooks, thresholds, capacity, and fallback logic.) -- matched terms: log"
P.RP-01,Arts. 12-14 - Trustworthiness Requirements,"ARISE control Business Continuity (PROTECT) maps to Arts. 12-14 - Trustworthiness Requirements of prEN 18229-1, which covers AI trustworthiness requirements including logging specifications (Art. 12), transparency disclosures (Art. 13), and human oversight mechanisms (Art. 14). The control addresses: Maintain continuity of critical services through BIA-driven strategies, manual workarounds, and communications.. None of the 6 individual requirements contain explicit keyword matches to prEN 18229-1 terminology. The mapping is established at the control level based on overall subject matter and domain alignment. This represents a traceability gap at the requirement level -- consider adding explicit prEN 18229-1 language to one or more requirements to strengthen direct traceability."
P.RP-02,Arts. 12-14 - Trustworthiness Requirements,"ARISE control Disaster Recovery (PROTECT) maps to Arts. 12-14 - Trustworthiness Requirements of prEN 18229-1, which covers AI trustworthiness requirements including logging specifications (Art. 12), transparency disclosures (Art. 13), and human oversight mechanisms (Art. 14). The control addresses: Restore systems, data, and AI pipelines to defined target RTO/RPO using immutable backups and tested restore procedures.. None of the 6 individual requirements contain explicit keyword matches to prEN 18229-1 terminology. The mapping is established at the control level based on overall subject matter and domain alignment. This represents a traceability gap at the requirement level -- consider adding explicit prEN 18229-1 language to one or more requirements to strengthen direct traceability."
P.SC,Arts. 12-14 - Trustworthiness Requirements,"ARISE control Supply Chain (PROTECT) maps to Arts. 12-14 - Trustworthiness Requirements of prEN 18229-1, which covers AI trustworthiness requirements including logging specifications (Art. 12), transparency disclosures (Art. 13), and human oversight mechanisms (Art. 14). The control addresses: Ensure provenance, integrity, and security of third-party components, including AI models/APIs and open source.. None of the 7 individual requirements contain explicit keyword matches to prEN 18229-1 terminology. The mapping is established at the control level based on overall subject matter and domain alignment. This represents a traceability gap at the requirement level -- consider adding explicit prEN 18229-1 language to one or more requirements to strengthen direct traceability."
P.SD,Arts. 12-14 - Trustworthiness Requirements,"ARISE control Secure Development (PROTECT) maps to Arts. 12-14 - Trustworthiness Requirements of prEN 18229-1, which covers AI trustworthiness requirements including logging specifications (Art. 12), transparency disclosures (Art. 13), and human oversight mechanisms (Art. 14). 1 of 10 requirements demonstrate direct keyword alignment to this standard: P.SD-req-07 (Defect Management: Risk-based SLAs; prioritize exploitable vulns; maintain audit trails.) -- matched terms: audit trail. These requirements substantively address prEN 18229-1 obligations at the individual requirement level, confirming strong traceability."
D.AD,Arts. 12-14 - Trustworthiness Requirements,"ARISE control Anomaly Detection (DETECT) maps to Arts. 12-14 - Trustworthiness Requirements of prEN 18229-1, which covers AI trustworthiness requirements including logging specifications (Art. 12), transparency disclosures (Art. 13), and human oversight mechanisms (Art. 14). 2 of 6 requirements demonstrate direct keyword alignment to this standard: D.AD-req-05 (Cross-Domain Anomaly Correlation: Implement logic to correlate anomalies across the network, application, and AI inference layers (e.g., matching a spike in outbound traffic with a cluster of unusual model prompts) to identify coordinated attacks.) -- matched terms: log"
D.CM,Arts. 12-14 - Trustworthiness Requirements,"ARISE control Continuous Monitoring (DETECT) maps to Arts. 12-14 - Trustworthiness Requirements of prEN 18229-1, which covers AI trustworthiness requirements including logging specifications (Art. 12), transparency disclosures (Art. 13), and human oversight mechanisms (Art. 14). 3 of 8 requirements demonstrate direct keyword alignment to this standard: D.CM-req-01 (Telemetry Collection: Aggregate logs, metrics, and AI inference data across systems and environments.) -- matched terms: log"
D.ID,Arts. 12-14 - Trustworthiness Requirements,"ARISE control IOC Detection (DETECT) maps to Arts. 12-14 - Trustworthiness Requirements of prEN 18229-1, which covers AI trustworthiness requirements including logging specifications (Art. 12), transparency disclosures (Art. 13), and human oversight mechanisms (Art. 14). The control addresses: Identify and respond to Indicators of Compromise (IOCs) that signal potential intrusion or malicious activity across enterprise and AI systems.. None of the 7 individual requirements contain explicit keyword matches to prEN 18229-1 terminology. The mapping is established at the control level based on overall subject matter and domain alignment. This represents a traceability gap at the requirement level -- consider adding explicit prEN 18229-1 language to one or more requirements to strengthen direct traceability."
D.IM,Arts. 12-14 - Trustworthiness Requirements,"ARISE control Incident Management (DETECT) maps to Arts. 12-14 - Trustworthiness Requirements of prEN 18229-1, which covers AI trustworthiness requirements including logging specifications (Art. 12), transparency disclosures (Art. 13), and human oversight mechanisms (Art. 14). The control addresses: Ensure rapid identification, containment, analysis, and recovery from security and AI-related incidents to reduce impact and recurrence.. None of the 6 individual requirements contain explicit keyword matches to prEN 18229-1 terminology. The mapping is established at the control level based on overall subject matter and domain alignment. This represents a traceability gap at the requirement level -- consider adding explicit prEN 18229-1 language to one or more requirements to strengthen direct traceability."
D.MT,Arts. 12-14 - Trustworthiness Requirements,"ARISE control Monitor Third Parties (DETECT) maps to Arts. 12-14 - Trustworthiness Requirements of prEN 18229-1, which covers AI trustworthiness requirements including logging specifications (Art. 12), transparency disclosures (Art. 13), and human oversight mechanisms (Art. 14). 1 of 6 requirements demonstrate direct keyword alignment to this standard: D.MT-req-04 (Ethical Oversight: Validate AI suppliers for fairness, transparency, and accountability practices.) -- matched terms: accountability, fairness, oversight, transparency. These requirements substantively address prEN 18229-1 obligations at the individual requirement level, confirming strong traceability."
D.SA-01,Arts. 12-14 - Trustworthiness Requirements,"ARISE control Performing Security Assessments (DETECT) maps to Arts. 12-14 - Trustworthiness Requirements of prEN 18229-1, which covers AI trustworthiness requirements including logging specifications (Art. 12), transparency disclosures (Art. 13), and human oversight mechanisms (Art. 14). The control addresses: Assess the effectiveness of controls through independent and systematic security testing across digital and AI environments.. None of the 6 individual requirements contain explicit keyword matches to prEN 18229-1 terminology. The mapping is established at the control level based on overall subject matter and domain alignment. This represents a traceability gap at the requirement level -- consider adding explicit prEN 18229-1 language to one or more requirements to strengthen direct traceability."
D.SA-02,Arts. 12-14 - Trustworthiness Requirements,"ARISE control Penetration Testing (DETECT) maps to Arts. 12-14 - Trustworthiness Requirements of prEN 18229-1, which covers AI trustworthiness requirements including logging specifications (Art. 12), transparency disclosures (Art. 13), and human oversight mechanisms (Art. 14). 1 of 6 requirements demonstrate direct keyword alignment to this standard: D.SA-02-req-03 (AI Execution: Conduct manual adversarial testing targeting AI logic (e.g., Jailbreaking, Prompt Injection, Extraction).) -- matched terms: log. These requirements substantively address prEN 18229-1 obligations at the individual requirement level, confirming strong traceability."
D.SA-03,Arts. 12-14 - Trustworthiness Requirements,"ARISE control Vulnerability Testing (DETECT) maps to Arts. 12-14 - Trustworthiness Requirements of prEN 18229-1, which covers AI trustworthiness requirements including logging specifications (Art. 12), transparency disclosures (Art. 13), and human oversight mechanisms (Art. 14). The control addresses: Identify and mitigate exploitable weaknesses across systems, applications, and AI components.. None of the 7 individual requirements contain explicit keyword matches to prEN 18229-1 terminology. The mapping is established at the control level based on overall subject matter and domain alignment. This represents a traceability gap at the requirement level -- consider adding explicit prEN 18229-1 language to one or more requirements to strengthen direct traceability."
D.SA-04,Arts. 12-14 - Trustworthiness Requirements,"ARISE control Tabletop Exercises (BCDR) (DETECT) maps to Arts. 12-14 - Trustworthiness Requirements of prEN 18229-1, which covers AI trustworthiness requirements including logging specifications (Art. 12), transparency disclosures (Art. 13), and human oversight mechanisms (Art. 14). The control addresses: Test business continuity, disaster recovery, and incident response readiness through structured simulations.. None of the 7 individual requirements contain explicit keyword matches to prEN 18229-1 terminology. The mapping is established at the control level based on overall subject matter and domain alignment. This represents a traceability gap at the requirement level -- consider adding explicit prEN 18229-1 language to one or more requirements to strengthen direct traceability."
D.SA-05,Arts. 12-14 - Trustworthiness Requirements,"ARISE control Code Scanning (DETECT) maps to Arts. 12-14 - Trustworthiness Requirements of prEN 18229-1, which covers AI trustworthiness requirements including logging specifications (Art. 12), transparency disclosures (Art. 13), and human oversight mechanisms (Art. 14). The control addresses: Ensure application and AI codebases are free from known security defects and insecure configurations.. None of the 8 individual requirements contain explicit keyword matches to prEN 18229-1 terminology. The mapping is established at the control level based on overall subject matter and domain alignment. This represents a traceability gap at the requirement level -- consider adding explicit prEN 18229-1 language to one or more requirements to strengthen direct traceability."
D.TI,Arts. 12-14 - Trustworthiness Requirements,"ARISE control Threat Intelligence (DETECT) maps to Arts. 12-14 - Trustworthiness Requirements of prEN 18229-1, which covers AI trustworthiness requirements including logging specifications (Art. 12), transparency disclosures (Art. 13), and human oversight mechanisms (Art. 14). The control addresses: Integrate actionable threat intelligence into detection and defense programs to anticipate, contextualize, and mitigate evolving threats.. None of the 7 individual requirements contain explicit keyword matches to prEN 18229-1 terminology. The mapping is established at the control level based on overall subject matter and domain alignment. This represents a traceability gap at the requirement level -- consider adding explicit prEN 18229-1 language to one or more requirements to strengthen direct traceability."
R.IC.E-01,Arts. 12-14 - Trustworthiness Requirements,"ARISE control Regulatory Reporting (RESPOND) maps to Arts. 12-14 - Trustworthiness Requirements of prEN 18229-1, which covers AI trustworthiness requirements including logging specifications (Art. 12), transparency disclosures (Art. 13), and human oversight mechanisms (Art. 14). 2 of 6 requirements demonstrate direct keyword alignment to this standard: R.IC.E-01-req-05 (Record Retention: Regulatory reports retained per retention policy.) -- matched terms: record"
R.IC.E-02,Arts. 12-14 - Trustworthiness Requirements,"ARISE control Law Enforcement Partners (RESPOND) maps to Arts. 12-14 - Trustworthiness Requirements of prEN 18229-1, which covers AI trustworthiness requirements including logging specifications (Art. 12), transparency disclosures (Art. 13), and human oversight mechanisms (Art. 14). 1 of 6 requirements demonstrate direct keyword alignment to this standard: R.IC.E-02-req-05 (Notification Process: Law enforcement notification processes defined with SLA; evidence logs signed and verified.) -- matched terms: log. These requirements substantively address prEN 18229-1 obligations at the individual requirement level, confirming strong traceability."
R.IC.E-03,Arts. 12-14 - Trustworthiness Requirements,"ARISE control Information-Sharing Communities (RESPOND) maps to Arts. 12-14 - Trustworthiness Requirements of prEN 18229-1, which covers AI trustworthiness requirements including logging specifications (Art. 12), transparency disclosures (Art. 13), and human oversight mechanisms (Art. 14). 3 of 6 requirements demonstrate direct keyword alignment to this standard: R.IC.E-03-req-01 (Sharing Policy: Develop information-sharing policies covering classification, anonymization, and disclosure approval.) -- matched terms: disclosure"
R.IC.E-04,Arts. 12-14 - Trustworthiness Requirements,"ARISE control Privacy Notification Requirements (RESPOND) maps to Arts. 12-14 - Trustworthiness Requirements of prEN 18229-1, which covers AI trustworthiness requirements including logging specifications (Art. 12), transparency disclosures (Art. 13), and human oversight mechanisms (Art. 14). 1 of 6 requirements demonstrate direct keyword alignment to this standard: R.IC.E-04-req-06 (Logging & Tracking: Define process and maintain logs of all notifications and responses.) -- matched terms: log, logging. These requirements substantively address prEN 18229-1 obligations at the individual requirement level, confirming strong traceability."
R.IC.I-01,Arts. 12-14 - Trustworthiness Requirements,"ARISE control Personnel (RESPOND) maps to Arts. 12-14 - Trustworthiness Requirements of prEN 18229-1, which covers AI trustworthiness requirements including logging specifications (Art. 12), transparency disclosures (Art. 13), and human oversight mechanisms (Art. 14). 1 of 7 requirements demonstrate direct keyword alignment to this standard: R.IC.I-01-req-03 (Trusted Channel Verification: Establish and train staff on a primary channel and a challenge-response protocol to verify that incident instructions are genuine, mitigating social engineering attacks.) -- matched terms: trust. These requirements substantively address prEN 18229-1 obligations at the individual requirement level, confirming strong traceability."
R.IC.I-02,Arts. 12-14 - Trustworthiness Requirements,"ARISE control Top Management (RESPOND) maps to Arts. 12-14 - Trustworthiness Requirements of prEN 18229-1, which covers AI trustworthiness requirements including logging specifications (Art. 12), transparency disclosures (Art. 13), and human oversight mechanisms (Art. 14). 2 of 7 requirements demonstrate direct keyword alignment to this standard: R.IC.I-02-req-02 (Decision Logs: Maintain records of decisions, approvals, and strategic directives issued during incidents.) -- matched terms: log, record"
R.IC.I-03,Arts. 12-14 - Trustworthiness Requirements,"ARISE control Incident Response Team (RESPOND) maps to Arts. 12-14 - Trustworthiness Requirements of prEN 18229-1, which covers AI trustworthiness requirements including logging specifications (Art. 12), transparency disclosures (Art. 13), and human oversight mechanisms (Art. 14). 3 of 7 requirements demonstrate direct keyword alignment to this standard: R.IC.I-03-req-01 (Communication Discipline: Establish protocols for information security—no external disclosures without approval; need-to-know enforcement.) -- matched terms: disclosure"
R.IC.P,Art. 13 - Transparency Disclosures,"ARISE control Public Updates / Disclosures (RESPOND) maps to Art. 13 - Transparency Disclosures of prEN 18229-1, which covers AI trustworthiness requirements including logging specifications (Art. 12), transparency disclosures (Art. 13), and human oversight mechanisms (Art. 14). 2 of 7 requirements demonstrate direct keyword alignment to this standard: R.IC.P-req-03 (Predefined Templates: Use predefined media templates and Q&A documents (holding statements) for various scenarios (e.g., Ransomware, Data Leak, AI Bias Event).) -- matched terms: bias"
R.IC.R,Arts. 12-14 - Trustworthiness Requirements,"ARISE control Recovery Activity & Restoration (RESPOND) maps to Arts. 12-14 - Trustworthiness Requirements of prEN 18229-1, which covers AI trustworthiness requirements including logging specifications (Art. 12), transparency disclosures (Art. 13), and human oversight mechanisms (Art. 14). 1 of 6 requirements demonstrate direct keyword alignment to this standard: R.IC.R-req-06 (Outreach Logging: Track and log customer outreach for auditability.) -- matched terms: log, logging. These requirements substantively address prEN 18229-1 obligations at the individual requirement level, confirming strong traceability."
R.IM-01,Arts. 12-14 - Trustworthiness Requirements,"ARISE control Containment (RESPOND) maps to Arts. 12-14 - Trustworthiness Requirements of prEN 18229-1, which covers AI trustworthiness requirements including logging specifications (Art. 12), transparency disclosures (Art. 13), and human oversight mechanisms (Art. 14). 2 of 8 requirements demonstrate direct keyword alignment to this standard: R.IM-01-req-05 (Evidence Preservation: Capture snapshots, logs, and forensic images before containment modifications when feasible.) -- matched terms: log"
R.IM-02,Arts. 12-14 - Trustworthiness Requirements,"ARISE control Eradication (RESPOND) maps to Arts. 12-14 - Trustworthiness Requirements of prEN 18229-1, which covers AI trustworthiness requirements including logging specifications (Art. 12), transparency disclosures (Art. 13), and human oversight mechanisms (Art. 14). 2 of 7 requirements demonstrate direct keyword alignment to this standard: R.IM-02-req-03 (Change Control: Track eradication through formal change records; approvals for returning assets to production.) -- matched terms: record"
R.IM-03,Arts. 12-14 - Trustworthiness,"ARISE control Disaster Recovery (RESPOND) maps to Arts. 12-14 - Trustworthiness of prEN 18229-1, which covers AI trustworthiness requirements including logging specifications (Art. 12), transparency disclosures (Art. 13), and human oversight mechanisms (Art. 14). The control addresses: Recover systems and data from a clean, trusted state post-incident using verified, immutable backups.. None of the 6 individual requirements contain explicit keyword matches to prEN 18229-1 terminology. The mapping is established at the control level based on overall subject matter and domain alignment. This represents a traceability gap at the requirement level -- consider adding explicit prEN 18229-1 language to one or more requirements to strengthen direct traceability."
R.IM-04,Arts. 12-14 - Trustworthiness Requirements,"ARISE control Business Continuity (RESPOND) maps to Arts. 12-14 - Trustworthiness Requirements of prEN 18229-1, which covers AI trustworthiness requirements including logging specifications (Art. 12), transparency disclosures (Art. 13), and human oversight mechanisms (Art. 14). The control addresses: Maintain critical operations during incident response and recovery, ensuring customer commitments and mission continuity.. None of the 6 individual requirements contain explicit keyword matches to prEN 18229-1 terminology. The mapping is established at the control level based on overall subject matter and domain alignment. This represents a traceability gap at the requirement level -- consider adding explicit prEN 18229-1 language to one or more requirements to strengthen direct traceability."
R.IR-01,Arts. 12-14 - Trustworthiness,"ARISE control Incident Response: AI (RESPOND) maps to Arts. 12-14 - Trustworthiness of prEN 18229-1, which covers AI trustworthiness requirements including logging specifications (Art. 12), transparency disclosures (Art. 13), and human oversight mechanisms (Art. 14). 6 of 10 requirements demonstrate direct keyword alignment to this standard: R.IR-01-req-01 (Roles & Responsibilities: Assign roles for detection, triage, ethics escalation, privacy/legal review, and technical containment.) -- matched terms: ethics"
R.IR-02,Arts. 12-14 - Trustworthiness Requirements,"ARISE control Incident Response: Cybersecurity (RESPOND) maps to Arts. 12-14 - Trustworthiness Requirements of prEN 18229-1, which covers AI trustworthiness requirements including logging specifications (Art. 12), transparency disclosures (Art. 13), and human oversight mechanisms (Art. 14). 1 of 8 requirements demonstrate direct keyword alignment to this standard: R.IR-02-req-05 (Reporting & Review: Record incident details, actions, and verification outcomes; link to POA&M updates and root-cause records.) -- matched terms: record. These requirements substantively address prEN 18229-1 obligations at the individual requirement level, confirming strong traceability."
R.IR-03,Arts. 12-14 - Trustworthiness,"ARISE control Incident Response: Privacy (RESPOND) maps to Arts. 12-14 - Trustworthiness of prEN 18229-1, which covers AI trustworthiness requirements including logging specifications (Art. 12), transparency disclosures (Art. 13), and human oversight mechanisms (Art. 14). 2 of 7 requirements demonstrate direct keyword alignment to this standard: R.IR-03-req-02 (Notification & Reporting: File regulator notices within statutory deadlines (e.g., 72h); notify affected subjects. DPO oversight is mandatory.) -- matched terms: oversight"
R.LL,Arts. 12-14 - Trustworthiness Requirements,"ARISE control Incident Lessons Learned (RESPOND) maps to Arts. 12-14 - Trustworthiness Requirements of prEN 18229-1, which covers AI trustworthiness requirements including logging specifications (Art. 12), transparency disclosures (Art. 13), and human oversight mechanisms (Art. 14). The control addresses: Ensure every incident or near miss results in measurable learning, control enhancement, and organizational improvement.. None of the 6 individual requirements contain explicit keyword matches to prEN 18229-1 terminology. The mapping is established at the control level based on overall subject matter and domain alignment. This represents a traceability gap at the requirement level -- consider adding explicit prEN 18229-1 language to one or more requirements to strengthen direct traceability."
V.AD-01,Arts. 12-14 - Trustworthiness Requirements,"ARISE control External Audit: AI Audit (VALIDATE) maps to Arts. 12-14 - Trustworthiness Requirements of prEN 18229-1, which covers AI trustworthiness requirements including logging specifications (Art. 12), transparency disclosures (Art. 13), and human oversight mechanisms (Art. 14). 2 of 6 requirements demonstrate direct keyword alignment to this standard: V.AD-01-req-02 (Audit Readiness: Curate policy sets, inventories, TEVV artifacts, evaluation/verification/validation packages, and incident logs; appoint liaison and evidence owners.) -- matched terms: log"
V.AD-02,Arts. 12-14 - Trustworthiness,"ARISE control External Audit: Security Audit (VALIDATE) maps to Arts. 12-14 - Trustworthiness of prEN 18229-1, which covers AI trustworthiness requirements including logging specifications (Art. 12), transparency disclosures (Art. 13), and human oversight mechanisms (Art. 14). The control addresses: Gain independent validation of ISMS and cybersecurity posture (e.g., certification or attestation) to enhance trust and demonstrate control effectiveness.. None of the 4 individual requirements contain explicit keyword matches to prEN 18229-1 terminology. The mapping is established at the control level based on overall subject matter and domain alignment. This represents a traceability gap at the requirement level -- consider adding explicit prEN 18229-1 language to one or more requirements to strengthen direct traceability."
V.CI-01,Arts. 12-14 - Trustworthiness Requirements,"ARISE control Reporting Channels (VALIDATE) maps to Arts. 12-14 - Trustworthiness Requirements of prEN 18229-1, which covers AI trustworthiness requirements including logging specifications (Art. 12), transparency disclosures (Art. 13), and human oversight mechanisms (Art. 14). 1 of 6 requirements demonstrate direct keyword alignment to this standard: V.CI-01-req-02 (Triage & SLAs: Categorize reports (security, privacy, ethics, product safety); set response/acknowledgement SLAs; track every submission to closure.) -- matched terms: ethics. These requirements substantively address prEN 18229-1 obligations at the individual requirement level, confirming strong traceability."
V.CI-02,Arts. 12-14 - Trustworthiness,"ARISE control Internal Audit: AI Audit (VALIDATE) maps to Arts. 12-14 - Trustworthiness of prEN 18229-1, which covers AI trustworthiness requirements including logging specifications (Art. 12), transparency disclosures (Art. 13), and human oversight mechanisms (Art. 14). 1 of 6 requirements demonstrate direct keyword alignment to this standard: V.CI-02-req-02 (Test Procedures: Evidence sampling of TEVV artifacts, fairness/robustness metrics, privacy constraints, explainability proofs, and inventory completeness.) -- matched terms: explainable, fairness. These requirements substantively address prEN 18229-1 obligations at the individual requirement level, confirming strong traceability."
V.CI-03,Art. 12 - Logging Specifications,"ARISE control Internal Audit: Security Audit (VALIDATE) maps to Art. 12 - Logging Specifications of prEN 18229-1, which covers AI trustworthiness requirements including logging specifications (Art. 12), transparency disclosures (Art. 13), and human oversight mechanisms (Art. 14). The control addresses: Independently assess ISMS control design and operating effectiveness across technology, process, and organizational domains.. None of the 6 individual requirements contain explicit keyword matches to prEN 18229-1 terminology. The mapping is established at the control level based on overall subject matter and domain alignment. This represents a traceability gap at the requirement level -- consider adding explicit prEN 18229-1 language to one or more requirements to strengthen direct traceability."
V.IA,Arts. 12-14 - Trustworthiness Requirements,"ARISE control Internal Audit (VALIDATE) maps to Arts. 12-14 - Trustworthiness Requirements of prEN 18229-1, which covers AI trustworthiness requirements including logging specifications (Art. 12), transparency disclosures (Art. 13), and human oversight mechanisms (Art. 14). The control addresses: Provide independent assurance on the adequacy and effectiveness of security, privacy, and AI governance controls.. None of the 5 individual requirements contain explicit keyword matches to prEN 18229-1 terminology. The mapping is established at the control level based on overall subject matter and domain alignment. This represents a traceability gap at the requirement level -- consider adding explicit prEN 18229-1 language to one or more requirements to strengthen direct traceability."
V.TE-01,Arts. 12-14 - Trustworthiness Requirements,"ARISE control Testing (VALIDATE) maps to Arts. 12-14 - Trustworthiness Requirements of prEN 18229-1, which covers AI trustworthiness requirements including logging specifications (Art. 12), transparency disclosures (Art. 13), and human oversight mechanisms (Art. 14). The control addresses: Plan and execute comprehensive functional, security, reliability, and safety tests for systems and AI components to discover defects early and reduce production risk.. None of the 8 individual requirements contain explicit keyword matches to prEN 18229-1 terminology. The mapping is established at the control level based on overall subject matter and domain alignment. This represents a traceability gap at the requirement level -- consider adding explicit prEN 18229-1 language to one or more requirements to strengthen direct traceability."
V.TE-02,Arts. 12-14 - Trustworthiness Requirements,"ARISE control Evaluation (VALIDATE) maps to Arts. 12-14 - Trustworthiness Requirements of prEN 18229-1, which covers AI trustworthiness requirements including logging specifications (Art. 12), transparency disclosures (Art. 13), and human oversight mechanisms (Art. 14). 3 of 8 requirements demonstrate direct keyword alignment to this standard: V.TE-02-req-01 (Evaluation Design: Define goals, metrics (effectiveness, calibration, latency, robustness, fairness, privacy, transparency), datasets, and sampling frames; include domain and demographic slices.) -- matched terms: fairness, transparency"
V.TE-03,Arts. 12-14 - Trustworthiness Requirements,"ARISE control Verification (VALIDATE) maps to Arts. 12-14 - Trustworthiness Requirements of prEN 18229-1, which covers AI trustworthiness requirements including logging specifications (Art. 12), transparency disclosures (Art. 13), and human oversight mechanisms (Art. 14). 2 of 8 requirements demonstrate direct keyword alignment to this standard: V.TE-03-req-01 (Requirements Traceability: Maintain bidirectional traceability across requirements - designs - tests - results; include policy and governance requirements (e.g., logging, retention, guardrails).) -- matched terms: log, logging"
V.TE-04,Arts. 12-14 - Trustworthiness Requirements,"ARISE control Validation (VALIDATE) maps to Arts. 12-14 - Trustworthiness Requirements of prEN 18229-1, which covers AI trustworthiness requirements including logging specifications (Art. 12), transparency disclosures (Art. 13), and human oversight mechanisms (Art. 14). 3 of 7 requirements demonstrate direct keyword alignment to this standard: V.TE-04-req-02 (Documentation: Produce validation protocols, acceptance records, and rationale for decisions.) -- matched terms: record"
